close_time,type,volume,price,profit,swap,commission,reason
2016.01.05 12:00,closebuy,0.1,174.69,11580.0,0.0,-44.0,5
2016.01.06 03:22,closebuy,0.1,173.777,9720.0,0.0,-43.0,5
2016.01.07 03:41,closebuy,0.1,172.62,8620.0,0.0,-43.0,5
2016.01.08 18:41,closebuy,0.1,170.545,15270.0,0.0,-43.0,5
2016.01.11 10:58,closebuy,0.1,171.929,-14220.0,0.0,-43.0,4
2016.01.12 03:24,closesell,0.1,171.155,2000.0,0.0,-43.0,4
2016.01.13 04:07,closebuy,0.1,171.263,-12150.0,0.0,-43.0,4
2016.01.14 09:15,closebuy,0.1,170.082,-5960.0,0.0,-43.0,4
2016.01.15 09:04,closesell,0.1,169.139,-8360.0,0.0,-42.0,4
2016.01.19 07:37,closesell,0.1,168.054,9550.0,0.0,-42.0,5
2016.01.20 08:11,closebuy,0.1,165.107,20690.0,-428.0,-41.0,5
2016.01.21 10:09,closebuy,0.1,165.66,2000.0,0.0,-41.0,4
2016.01.26 08:12,closesell,0.1,167.653,-15650.0,100.0,-42.0,4
2016.01.28 10:21,closebuy,0.1,169.779,-5150.0,0.0,-42.0,4
2016.01.28 13:36,closesell,0.1,169.779,2000.0,300.0,-42.0,4
2016.01.29 05:38,closesell,0.1,171.602,12300.0,0.0,-43.0,5
2016.02.01 20:49,closesell,0.1,174.437,17580.0,0.0,-44.0,5
2016.02.02 11:32,closesell,0.1,172.994,-9880.0,0.0,-43.0,4
2016.02.03 16:25,closebuy,0.1,173.733,-7960.0,0.0,-43.0,4
2016.02.04 14:31,closebuy,0.1,170.863,13360.0,0.0,-43.0,5
2016.02.08 06:38,closebuy,0.1,170.257,-6200.0,0.0,-43.0,4
2016.02.09 04:40,closebuy,0.1,165.195,19620.0,0.0,-41.0,5
2016.02.10 04:14,closebuy,0.1,166.3,2000.0,0.0,-42.0,4
2016.02.15 05:02,closebuy,0.1,165.262,-25900.0,-214.0,-41.0,4
2016.02.16 10:42,closesell,0.1,166.02,7420.0,0.0,-42.0,5
2016.02.17 09:31,closebuy,0.1,161.66,16900.0,0.0,-40.0,5
2016.02.19 09:35,closebuy,0.1,161.555,4660.0,0.0,-40.0,5
2016.02.24 11:14,closebuy,0.1,156.086,8110.0,0.0,-39.0,5
2016.02.25 14:25,closebuy,0.1,157.429,-11930.0,0.0,-39.0,4
2016.02.26 11:47,closesell,0.1,158.499,9350.0,0.0,-40.0,5
2016.03.01 09:40,closebuy,0.1,157.736,-8800.0,0.0,-39.0,4
2016.03.03 03:58,closesell,0.1,160.306,6100.0,300.0,-40.0,5
2016.03.04 17:59,closesell,0.1,161.741,10110.0,0.0,-40.0,5
2016.03.07 10:44,closesell,0.1,160.707,-8580.0,0.0,-40.0,4
2016.03.09 17:35,closebuy,0.1,160.634,-7390.0,0.0,-40.0,4
2016.03.10 15:02,closesell,0.1,161.786,7850.0,0.0,-40.0,5
2016.03.11 12:20,closesell,0.1,162.786,15280.0,0.0,-41.0,5
2016.03.15 05:41,closesell,0.1,162.096,-13340.0,100.0,-41.0,4
2016.03.17 06:53,closesell,0.1,159.813,-6150.0,0.0,-40.0,4
2016.03.17 14:09,closebuy,0.1,160.079,2000.0,-642.0,-40.0,4
2016.03.21 00:10,closesell,0.1,160.994,2000.0,100.0,-40.0,4
2016.03.24 18:06,closebuy,0.1,159.491,2000.0,-642.0,-40.0,4
2016.03.24 19:12,closebuy,0.1,159.61,-7180.0,0.0,-40.0,4
2016.03.29 14:06,closesell,0.1,162.341,9020.0,0.0,-41.0,5
2016.03.30 08:14,closesell,0.1,161.433,-4470.0,0.0,-40.0,4
2016.03.31 14:05,closebuy,0.1,162.019,-4420.0,0.0,-41.0,4
2016.04.04 12:32,closebuy,0.1,158.718,2000.0,0.0,-40.0,4
2016.04.06 10:37,closebuy,0.1,156.186,2000.0,0.0,-39.0,4
2016.04.07 05:38,closebuy,0.1,154.136,10200.0,0.0,-39.0,5
2016.04.08 10:56,closebuy,0.1,154.182,-17520.0,0.0,-39.0,4
2016.04.11 11:15,closesell,0.1,153.903,13610.0,0.0,-38.0,5
2016.04.12 16:31,closesell,0.1,154.783,3050.0,0.0,-39.0,5
2016.04.13 16:43,closesell,0.1,155.111,2000.0,0.0,-39.0,4
2016.04.14 05:02,closesell,0.1,154.709,-2980.0,0.0,-39.0,4
2016.04.15 18:42,closebuy,0.1,154.589,2000.0,0.0,-39.0,4
2016.04.18 11:48,closebuy,0.1,153.939,-420.0,0.0,-38.0,4
2016.04.19 11:59,closesell,0.1,156.521,7400.0,0.0,-39.0,5
2016.04.21 03:52,closesell,0.1,157.12,2000.0,300.0,-39.0,4
2016.04.22 07:44,closebuy,0.1,157.866,-8780.0,0.0,-39.0,4
2016.04.26 15:14,closebuy,0.1,161.877,-6930.0,0.0,-40.0,4
2016.04.26 16:28,closesell,0.1,162.366,17200.0,100.0,-41.0,5
2016.04.27 15:20,closesell,0.1,162.168,2000.0,0.0,-41.0,4
2016.04.29 20:44,closebuy,0.1,155.772,10640.0,0.0,-39.0,5
2016.05.03 13:38,closesell,0.1,155.107,-7470.0,0.0,-39.0,4
2016.05.04 00:38,closebuy,0.1,155.728,2000.0,-428.0,-39.0,4
2016.05.04 00:38,closebuy,0.1,155.923,-7660.0,0.0,-39.0,4
2016.05.09 11:46,closebuy,0.1,155.516,-8840.0,0.0,-39.0,4
2016.05.11 10:50,closesell,0.1,156.628,-9210.0,0.0,-39.0,4
2016.05.12 12:37,closebuy,0.1,157.544,-7780.0,0.0,-39.0,4
2016.05.13 09:48,closesell,0.1,156.32,-9750.0,0.0,-39.0,4
2016.05.16 19:06,closebuy,0.1,156.987,-7810.0,0.0,-39.0,4
2016.05.17 17:21,closesell,0.1,157.503,970.0,0.0,-39.0,5
2016.05.18 14:09,closesell,0.1,158.88,12410.0,0.0,-40.0,5
2016.05.19 10:14,closesell,0.1,160.471,2000.0,0.0,-40.0,4
2016.05.24 10:51,closebuy,0.1,159.332,-8410.0,0.0,-40.0,4
2016.05.25 15:31,closesell,0.1,161.962,12920.0,0.0,-40.0,5
2016.05.26 11:44,closesell,0.1,161.562,2000.0,0.0,-40.0,4
2016.05.27 10:34,closebuy,0.1,161.116,2000.0,0.0,-40.0,4
2016.05.31 04:41,closesell,0.1,163.295,9700.0,0.0,-41.0,5
2016.06.03 07:45,closebuy,0.1,156.494,11660.0,-214.0,-39.0,5
2016.06.03 07:51,closebuy,0.1,156.393,6960.0,0.0,-39.0,5
2016.06.06 17:27,closebuy,0.1,154.978,-6460.0,0.0,-39.0,4
2016.06.07 17:36,closesell,0.1,156.094,-1060.0,0.0,-39.0,4
2016.06.09 04:09,closesell,0.1,154.731,-12580.0,300.0,-39.0,4
2016.06.10 10:21,closebuy,0.1,153.813,9120.0,0.0,-38.0,5
2016.06.13 16:38,closebuy,0.1,150.931,2040.0,0.0,-38.0,5
2016.06.14 09:16,closebuy,0.1,149.855,13530.0,0.0,-37.0,5
2016.06.15 11:32,closebuy,0.1,151.083,-11660.0,0.0,-38.0,4
2016.06.16 05:34,closesell,0.1,149.507,-6110.0,0.0,-37.0,4
2016.06.20 00:05,closebuy,0.1,150.673,-26300.0,-214.0,-38.0,4
2016.06.21 10:00,closesell,0.1,153.834,15730.0,0.0,-38.0,5
2016.06.22 18:30,closesell,0.1,153.505,2000.0,0.0,-38.0,4
2016.06.24 02:17,closesell,0.1,155.207,-21160.0,0.0,-39.0,4
2016.06.28 11:11,closebuy,0.1,136.816,2000.0,-214.0,-34.0,4
2016.06.28 15:09,closebuy,0.1,136.862,-20100.0,0.0,-34.0,4
2016.06.29 15:41,closesell,0.1,138.236,14770.0,0.0,-35.0,5
2016.06.30 18:01,closesell,0.1,136.458,-14760.0,0.0,-34.0,4
2016.07.01 20:51,closebuy,0.1,135.845,16310.0,0.0,-34.0,5
2016.07.05 03:20,closesell,0.1,135.758,-2580.0,0.0,-34.0,4
2016.07.05 04:29,closebuy,0.1,135.232,10850.0,-214.0,-34.0,5
2016.07.06 10:25,closebuy,0.1,131.452,-2800.0,0.0,-33.0,4
2016.07.11 06:58,closebuy,0.1,130.558,-3130.0,0.0,-33.0,4
2016.07.11 08:06,closebuy,0.1,131.45,-10080.0,-214.0,-33.0,4
2016.07.11 13:59,closebuy,0.1,132.741,-17820.0,-428.0,-33.0,4
2016.07.12 05:14,closesell,0.1,134.851,16930.0,0.0,-34.0,5
2016.07.14 05:54,closebuy,0.1,137.9,-7810.0,0.0,-34.0,4
2016.07.14 14:00,closesell,0.1,141.065,27360.0,300.0,-35.0,5
2016.07.15 18:03,closesell,0.1,139.818,-16000.0,0.0,-35.0,4
2016.07.19 19:08,closesell,0.1,138.891,-13830.0,0.0,-35.0,4
2016.07.20 11:51,closebuy,0.1,140.123,2000.0,-428.0,-35.0,4
2016.07.20 12:35,closebuy,0.1,140.6,-13030.0,0.0,-35.0,4
2016.07.21 11:33,closesell,0.1,140.797,-7600.0,0.0,-35.0,4
2016.07.22 16:54,closebuy,0.1,138.577,17040.0,0.0,-35.0,5
2016.07.26 03:13,closebuy,0.1,137.918,13730.0,-214.0,-34.0,5
2016.07.27 06:04,closebuy,0.1,138.993,-14640.0,0.0,-35.0,4
2016.07.28 09:10,closesell,0.1,137.694,-8260.0,0.0,-34.0,4
2016.07.29 01:33,closebuy,0.1,137.505,10170.0,0.0,-34.0,5
2016.08.02 10:00,closebuy,0.1,135.387,2000.0,-214.0,-34.0,4
2016.08.02 11:00,closebuy,0.1,134.169,10890.0,0.0,-34.0,5
2016.08.09 03:51,closesell,0.1,133.118,-2990.0,0.0,-33.0,4
2016.08.10 03:24,closebuy,0.1,132.785,2000.0,-642.0,-33.0,4
2016.08.11 11:00,closebuy,0.1,131.222,7040.0,0.0,-33.0,5
2016.08.12 15:55,closesell,0.1,131.363,-5860.0,0.0,-33.0,4
2016.08.16 05:38,closebuy,0.1,129.924,11090.0,-214.0,-32.0,5
2016.08.17 17:59,closesell,0.1,130.396,-5340.0,0.0,-33.0,4
2016.08.19 16:38,closesell,0.1,130.474,-10170.0,0.0,-33.0,4
2016.08.22 11:01,closebuy,0.1,131.914,-4900.0,0.0,-33.0,4
2016.08.24 12:29,closesell,0.1,132.593,5590.0,0.0,-33.0,5
2016.08.26 17:02,closebuy,0.1,132.786,2000.0,0.0,-33.0,4
2016.08.26 20:51,closesell,0.1,133.477,8270.0,100.0,-33.0,5
2016.08.30 15:15,closesell,0.1,134.198,4670.0,100.0,-34.0,5
2016.09.01 11:30,closesell,0.1,136.309,7910.0,0.0,-34.0,5
2016.09.02 16:04,closesell,0.1,138.195,10220.0,0.0,-35.0,5
2016.09.06 16:51,closebuy,0.1,138.212,-4540.0,0.0,-35.0,4
2016.09.06 17:19,closesell,0.1,137.076,-8810.0,100.0,-34.0,4
2016.09.08 18:21,closebuy,0.1,135.651,2000.0,0.0,-34.0,4
2016.09.09 14:01,closesell,0.1,136.777,9350.0,0.0,-34.0,5
2016.09.13 06:32,closebuy,0.1,135.679,2000.0,0.0,-34.0,4
2016.09.14 09:16,closebuy,0.1,136.083,-6850.0,0.0,-34.0,4
2016.09.20 05:02,closebuy,0.1,133.096,2000.0,-214.0,-33.0,4
2016.09.21 07:38,closebuy,0.1,132.91,-3050.0,0.0,-33.0,4
2016.09.23 13:15,closesell,0.1,130.947,-7660.0,0.0,-33.0,4
2016.09.23 16:44,closebuy,0.1,130.899,2000.0,-214.0,-33.0,4
2016.09.26 11:13,closebuy,0.1,129.919,11180.0,0.0,-32.0,5
2016.09.27 04:48,closebuy,0.1,131.019,-7580.0,0.0,-33.0,4
2016.09.29 02:08,closesell,0.1,131.43,7590.0,300.0,-33.0,5
2016.10.03 10:00,closesell,0.1,130.58,-4630.0,0.0,-33.0,4
2016.10.05 15:23,closesell,0.1,130.957,2000.0,0.0,-33.0,4
2016.10.07 02:07,closesell,0.1,130.851,-7730.0,100.0,-33.0,4
2016.10.11 16:00,closebuy,0.1,127.702,2000.0,-214.0,-32.0,4
2016.10.12 19:23,closebuy,0.1,127.629,-13550.0,0.0,-32.0,4
2016.10.14 18:14,closesell,0.1,127.022,2000.0,100.0,-32.0,4
2016.10.18 09:47,closebuy,0.1,127.457,-4330.0,-214.0,-32.0,4
2016.10.19 19:04,closesell,0.1,126.659,-8030.0,0.0,-32.0,4
2016.10.21 13:48,closesell,0.1,126.749,-3510.0,0.0,-32.0,4
2016.10.21 15:01,closebuy,0.1,126.484,6640.0,-214.0,-32.0,5
2016.10.25 03:45,closebuy,0.1,127.621,-6520.0,-214.0,-32.0,4
2016.10.26 17:49,closebuy,0.1,127.768,-6630.0,0.0,-32.0,4
2016.10.27 14:11,closesell,0.1,128.405,7830.0,0.0,-32.0,5
2016.10.31 10:13,closebuy,0.1,127.963,-1650.0,0.0,-32.0,4
2016.11.01 10:03,closesell,0.1,128.723,6990.0,0.0,-32.0,5
2016.11.03 05:03,closebuy,0.1,126.707,5900.0,0.0,-32.0,5
2016.11.03 05:09,closebuy,0.1,126.663,6070.0,-642.0,-32.0,5
2016.11.09 02:44,closesell,0.1,129.524,-3260.0,0.0,-32.0,4
2016.11.10 07:57,closesell,0.1,130.772,2000.0,0.0,-33.0,4
2016.11.14 21:48,closesell,0.1,135.49,18570.0,100.0,-34.0,5
2016.11.15 10:38,closesell,0.1,134.41,-6880.0,0.0,-34.0,4
2016.11.17 02:56,closesell,0.1,135.108,-9260.0,300.0,-34.0,4
2016.11.18 14:26,closesell,0.1,136.28,-5460.0,0.0,-34.0,4
2016.11.22 10:06,closesell,0.1,138.247,2000.0,0.0,-35.0,4
2016.11.23 14:52,closebuy,0.1,138.096,-3040.0,0.0,-35.0,4
2016.11.25 10:04,closesell,0.1,140.514,-5910.0,0.0,-35.0,4
2016.11.29 11:25,closebuy,0.1,140.092,-9340.0,0.0,-35.0,4
2016.11.30 12:39,closesell,0.1,140.407,2000.0,0.0,-35.0,4
2016.12.01 13:04,closesell,0.1,144.25,14650.0,0.0,-36.0,5
2016.12.05 00:05,closesell,0.1,143.784,2000.0,100.0,-36.0,4
2016.12.06 14:45,closesell,0.1,144.89,2000.0,0.0,-36.0,4
2016.12.07 11:30,closebuy,0.1,143.872,8420.0,0.0,-36.0,5
2016.12.09 13:06,closebuy,0.1,144.609,-8680.0,-214.0,-36.0,4
2016.12.13 11:25,closesell,0.1,146.454,7280.0,0.0,-37.0,5
2016.12.15 15:06,closesell,0.1,147.015,-4010.0,0.0,-37.0,4
2016.12.19 10:53,closebuy,0.1,146.697,2000.0,-214.0,-37.0,4
2016.12.21 11:15,closesell,0.1,144.977,-5420.0,0.0,-36.0,4
2016.12.22 17:07,closebuy,0.1,144.744,7360.0,0.0,-36.0,5
2016.12.23 10:36,closebuy,0.1,143.971,13660.0,-1070.0,-36.0,5
2016.12.28 02:54,closebuy,0.1,144.331,-4990.0,-428.0,-36.0,4
2016.12.29 17:49,closebuy,0.1,142.645,4240.0,0.0,-36.0,5
2016.12.30 05:19,closebuy,0.1,143.446,-4940.0,0.0,-36.0,4
2017.01.05 02:56,closesell,0.1,143.74,-3370.0,0.0,-36.0,4
2017.01.09 08:52,closesell,0.1,143.051,-3970.0,0.0,-36.0,4
2017.01.09 11:29,closebuy,0.1,142.212,13220.0,-214.0,-36.0,5
2017.01.10 15:15,closebuy,0.1,141.411,-6410.0,0.0,-35.0,4
2017.01.13 15:34,closebuy,0.1,139.6,2000.0,0.0,-35.0,4
2017.01.19 09:35,closesell,0.1,140.929,14860.0,300.0,-35.0,5
2017.01.24 11:38,closebuy,0.1,141.943,-5090.0,0.0,-35.0,4
2017.01.24 23:54,closesell,0.1,142.48,10170.0,200.0,-36.0,5
2017.01.25 11:39,closesell,0.1,143.05,8800.0,0.0,-36.0,5
2017.01.26 10:20,closesell,0.1,143.913,9470.0,0.0,-36.0,5
2017.01.30 10:58,closesell,0.1,143.626,-6140.0,100.0,-36.0,4
2017.01.31 16:55,closebuy,0.1,140.899,12920.0,0.0,-35.0,5
2017.02.02 14:02,closesell,0.1,141.898,-11600.0,0.0,-35.0,4
2017.02.06 13:25,closebuy,0.1,140.147,13640.0,-214.0,-35.0,5
2017.02.06 20:38,closebuy,0.1,139.587,11260.0,0.0,-35.0,5
2017.02.07 18:18,closebuy,0.1,139.838,-5650.0,0.0,-35.0,4
2017.02.09 13:19,closesell,0.1,141.248,10770.0,300.0,-35.0,5
2017.02.10 11:33,closesell,0.1,142.19,3290.0,0.0,-36.0,5
2017.02.13 00:13,closebuy,0.1,141.938,-1830.0,0.0,-35.0,4
2017.02.14 11:37,closesell,0.1,141.653,-950.0,0.0,-35.0,4
2017.02.17 11:03,closebuy,0.1,140.922,7720.0,0.0,-35.0,5
2017.02.20 11:00,closebuy,0.1,141.214,-8720.0,0.0,-35.0,4
2017.02.21 17:48,closesell,0.1,141.423,3460.0,0.0,-35.0,5
2017.02.22 10:54,closesell,0.1,141.121,-3940.0,0.0,-35.0,4
2017.02.24 11:45,closesell,0.1,140.848,-3260.0,0.0,-35.0,4
2017.02.24 16:10,closebuy,0.1,140.337,7750.0,-214.0,-35.0,5
2017.02.28 14:31,closesell,0.1,139.315,-4400.0,0.0,-35.0,4
2017.02.28 22:25,closebuy,0.1,139.322,2000.0,-214.0,-35.0,4
2017.03.01 05:40,closebuy,0.1,140.335,-6710.0,0.0,-35.0,4
2017.03.03 11:30,closesell,0.1,139.823,-2780.0,0.0,-35.0,4
2017.03.07 10:44,closebuy,0.1,138.96,6480.0,0.0,-35.0,5
2017.03.08 14:57,closebuy,0.1,139.105,-2480.0,0.0,-35.0,4
2017.03.10 17:11,closesell,0.1,139.632,-2880.0,0.0,-35.0,4
2017.03.13 09:10,closebuy,0.1,140.214,-2730.0,0.0,-35.0,4
2017.03.14 08:14,closesell,0.1,139.651,-1610.0,0.0,-35.0,4
2017.03.15 08:11,closebuy,0.1,140.196,-6300.0,0.0,-35.0,4
2017.03.17 13:05,closesell,0.1,140.089,2000.0,0.0,-35.0,4
2017.03.20 18:18,closebuy,0.1,139.026,6510.0,0.0,-35.0,5
2017.03.21 11:00,closebuy,0.1,139.807,-5250.0,0.0,-35.0,4
2017.03.22 10:49,closesell,0.1,138.726,-4350.0,0.0,-35.0,4
2017.03.23 11:30,closebuy,0.1,138.675,2000.0,0.0,-35.0,4
2017.03.28 15:38,closesell,0.1,138.395,-4800.0,0.0,-35.0,4
2017.03.29 15:29,closebuy,0.1,137.813,3040.0,0.0,-34.0,5
2017.04.03 10:12,closesell,0.1,139.689,2000.0,100.0,-35.0,4
2017.04.05 12:30,closebuy,0.1,138.446,-5880.0,0.0,-35.0,4
2017.04.06 19:20,closesell,0.1,138.401,2000.0,0.0,-35.0,4
2017.04.10 03:53,closebuy,0.1,138.051,-4180.0,0.0,-35.0,4
2017.04.13 01:00,closebuy,0.1,136.865,2000.0,-642.0,-34.0,4
2017.04.17 00:38,closebuy,0.1,136.436,-1990.0,0.0,-34.0,4
2017.04.18 13:41,closesell,0.1,137.341,6020.0,0.0,-34.0,5
2017.04.20 09:28,closesell,0.1,139.531,2000.0,300.0,-35.0,4
2017.04.21 15:03,closesell,0.1,139.259,-4350.0,0.0,-35.0,4
2017.04.25 09:45,closebuy,0.1,141.26,-7260.0,0.0,-35.0,4
2017.04.27 10:00,closesell,0.1,143.493,7960.0,300.0,-36.0,5
2017.05.09 04:00,closesell,0.1,146.798,8520.0,100.0,-37.0,5
2017.05.10 18:00,closesell,0.1,147.584,2000.0,0.0,-37.0,4
2017.05.11 13:00,closesell,0.1,147.288,-2470.0,0.0,-37.0,4
2017.05.15 09:00,closebuy,0.1,146.627,-3910.0,0.0,-37.0,4
2017.05.16 04:00,closesell,0.1,146.713,2000.0,0.0,-37.0,4
2017.05.17 11:48,closebuy,0.1,145.651,-290.0,0.0,-36.0,4
2017.05.18 11:00,closebuy,0.1,144.013,2000.0,0.0,-36.0,4
2017.05.19 09:00,closesell,0.1,144.211,2000.0,0.0,-36.0,4
2017.05.22 09:00,closesell,0.1,144.817,2000.0,0.0,-36.0,4
2017.05.30 03:00,closesell,0.1,142.409,-2580.0,0.0,-36.0,4
2017.05.30 10:00,closebuy,0.1,142.579,2000.0,-214.0,-36.0,4
2017.05.31 08:42,closebuy,0.1,141.861,6050.0,0.0,-35.0,5
2017.06.02 15:00,closesell,0.1,142.925,-4980.0,0.0,-36.0,4
2017.06.06 05:00,closesell,0.1,141.917,-5050.0,0.0,-35.0,4
2017.06.06 10:06,closebuy,0.1,141.589,8680.0,-214.0,-35.0,5
2017.06.07 12:00,closebuy,0.1,141.192,2000.0,0.0,-35.0,4
2017.06.08 15:00,closesell,0.1,142.342,2000.0,0.0,-36.0,4
2017.06.13 11:00,closebuy,0.1,140.222,-9540.0,0.0,-35.0,4
2017.06.14 16:00,closesell,0.1,139.691,-5770.0,0.0,-35.0,4
2017.06.15 13:00,closebuy,0.1,139.697,2000.0,0.0,-35.0,4
2017.06.19 00:35,closesell,0.1,141.405,-4640.0,100.0,-35.0,4
2017.06.20 11:00,closesell,0.1,141.48,-890.0,0.0,-35.0,4
2017.06.21 14:00,closebuy,0.1,141.313,-6460.0,0.0,-35.0,4
2017.06.26 09:00,closesell,0.1,141.978,11120.0,200.0,-35.0,5
2017.06.27 14:00,closesell,0.1,142.622,4660.0,0.0,-36.0,5
2017.06.28 16:00,closesell,0.1,144.798,14320.0,0.0,-36.0,5
2017.06.29 18:42,closesell,0.1,145.774,-1380.0,0.0,-36.0,4
2017.07.03 10:00,closesell,0.1,146.572,9770.0,100.0,-37.0,5
2017.07.04 08:00,closesell,0.1,146.196,2000.0,100.0,-37.0,4
2017.07.05 10:00,closebuy,0.1,146.79,-3040.0,0.0,-37.0,4
2017.07.06 12:00,closesell,0.1,147.202,7060.0,400.0,-37.0,5
2017.07.07 13:00,closesell,0.1,146.616,-3910.0,0.0,-37.0,4
2017.07.12 13:56,closebuy,0.1,146.114,-1660.0,0.0,-37.0,4
2017.07.13 03:00,closebuy,0.1,146.402,-3370.0,0.0,-37.0,4
2017.07.14 14:17,closesell,0.1,146.823,2000.0,0.0,-37.0,4
2017.07.18 11:00,closesell,0.1,146.445,-7250.0,100.0,-37.0,4
2017.07.18 11:00,closebuy,0.1,146.642,5010.0,0.0,-37.0,5
2017.07.19 13:00,closebuy,0.1,146.062,2000.0,0.0,-37.0,4
2017.07.20 09:00,closebuy,0.1,146.315,-4140.0,0.0,-37.0,4
2017.07.24 10:59,closebuy,0.1,144.387,2000.0,0.0,-36.0,4
2017.07.25 12:00,closesell,0.1,145.168,5680.0,0.0,-36.0,5
2017.07.26 16:00,closesell,0.1,145.791,2000.0,0.0,-36.0,4
2017.07.31 04:00,closebuy,0.1,145.224,2000.0,-214.0,-36.0,4
2017.08.01 09:00,closesell,0.1,145.649,2000.0,0.0,-36.0,4
2017.08.03 12:00,closesell,0.1,146.431,2000.0,0.0,-37.0,4
2017.08.07 01:00,closebuy,0.1,144.692,2000.0,-214.0,-36.0,4
2017.08.09 11:00,closebuy,0.1,142.882,3540.0,0.0,-36.0,5
2017.08.11 14:00,closebuy,0.1,141.667,2000.0,0.0,-35.0,4
2017.08.14 12:54,closesell,0.1,142.3,620.0,0.0,-36.0,5
2017.08.15 12:46,closesell,0.1,142.465,-1220.0,0.0,-36.0,4
2017.08.16 21:00,closesell,0.1,141.866,-5390.0,0.0,-35.0,4
2017.08.17 17:22,closebuy,0.1,141.483,4640.0,0.0,-35.0,5
2017.08.18 22:32,closebuy,0.1,140.537,2850.0,0.0,-35.0,5
2017.08.21 12:00,closebuy,0.1,140.591,2000.0,0.0,-35.0,4
2017.08.24 13:00,closebuy,0.1,140.415,-6620.0,0.0,-35.0,4
2017.08.28 13:00,closesell,0.1,140.848,2000.0,0.0,-35.0,4
2017.08.29 00:52,closesell,0.1,140.683,-2990.0,0.0,-35.0,4
2017.08.30 12:53,closesell,0.1,142.021,2000.0,0.0,-36.0,4
2017.08.31 14:00,closesell,0.1,142.132,-4210.0,0.0,-36.0,4
2017.09.04 09:00,closesell,0.1,142.117,-1590.0,0.0,-36.0,4
2017.09.07 12:00,closesell,0.1,142.343,2000.0,0.0,-36.0,4
2017.09.08 15:00,closebuy,0.1,142.344,-4250.0,0.0,-36.0,4
2017.09.13 17:46,closesell,0.1,146.223,2000.0,0.0,-37.0,4
2017.09.14 13:00,closebuy,0.1,146.008,2000.0,0.0,-37.0,4
2017.09.15 11:00,closesell,0.1,148.95,13220.0,0.0,-37.0,5
2017.09.19 09:00,closesell,0.1,151.085,2000.0,100.0,-38.0,4
2017.09.22 05:00,closesell,0.1,151.811,-6350.0,0.0,-38.0,4
2017.09.25 03:00,closebuy,0.1,152.382,-6330.0,0.0,-38.0,4
2017.09.27 13:00,closesell,0.1,151.421,5670.0,0.0,-38.0,5
2017.10.02 16:11,closebuy,0.1,149.398,12330.0,-1284.0,-37.0,5
2017.10.03 18:00,closebuy,0.1,149.697,2000.0,0.0,-37.0,4
2017.10.06 18:00,closebuy,0.1,147.294,5610.0,0.0,-37.0,5
2017.10.09 09:00,closebuy,0.1,147.797,-3510.0,0.0,-37.0,4
2017.10.10 20:36,closesell,0.1,148.176,2000.0,0.0,-37.0,4
2017.10.11 12:25,closesell,0.1,147.967,-1010.0,0.0,-37.0,4
2017.10.12 13:00,closesell,0.1,148.213,-4610.0,0.0,-37.0,4
2017.10.13 14:00,closesell,0.1,148.926,2000.0,0.0,-37.0,4
2017.10.16 04:00,closebuy,0.1,149.09,-2010.0,0.0,-37.0,4
2017.10.18 11:00,closebuy,0.1,148.799,-5660.0,0.0,-37.0,4
2017.10.19 11:00,closesell,0.1,148.285,-6050.0,0.0,-37.0,4
2017.10.20 11:00,closebuy,0.1,149.058,-6680.0,0.0,-37.0,4
2017.10.23 17:29,closesell,0.1,150.103,2000.0,0.0,-38.0,4
2017.10.24 17:24,closebuy,0.1,149.788,2000.0,0.0,-37.0,4
2017.10.27 10:00,closesell,0.1,149.622,-9400.0,100.0,-37.0,4
2017.10.30 14:00,closebuy,0.1,149.891,-1710.0,0.0,-37.0,4
2017.10.31 09:00,closesell,0.1,149.431,2000.0,0.0,-37.0,4
2017.11.02 13:00,closesell,0.1,150.793,-1970.0,0.0,-38.0,4
2017.11.02 14:00,closesell,0.1,150.712,-4470.0,300.0,-38.0,4
2017.11.07 10:00,closebuy,0.1,150.398,-12420.0,-428.0,-38.0,4
2017.11.09 12:02,closebuy,0.1,148.552,8900.0,0.0,-37.0,5
2017.11.13 02:00,closesell,0.1,149.034,-5140.0,0.0,-37.0,4
2017.11.14 16:00,closebuy,0.1,148.972,2000.0,0.0,-37.0,4
2017.11.15 03:31,closesell,0.1,148.791,-2480.0,0.0,-37.0,4
2017.11.16 11:00,closebuy,0.1,149.318,-4520.0,0.0,-37.0,4
2017.11.17 09:30,closesell,0.1,149.051,2000.0,0.0,-37.0,4
2017.11.20 10:00,closebuy,0.1,148.566,-4510.0,0.0,-37.0,4
2017.11.21 14:48,closesell,0.1,149.102,2000.0,0.0,-37.0,4
2017.11.23 10:00,closebuy,0.1,148.209,2000.0,0.0,-37.0,4
2017.11.27 17:00,closesell,0.1,148.056,-3630.0,0.0,-37.0,4
2017.11.28 08:00,closebuy,0.1,148.612,-3880.0,0.0,-37.0,4
2017.12.01 18:00,closesell,0.1,151.113,-9950.0,0.0,-38.0,4
2017.12.04 01:00,closebuy,0.1,152.222,-7830.0,0.0,-38.0,4
2017.12.07 12:00,closebuy,0.1,151.116,-7410.0,0.0,-38.0,4
2017.12.08 14:00,closesell,0.1,152.345,-4130.0,0.0,-38.0,4
2017.12.11 13:00,closebuy,0.1,152.073,2000.0,0.0,-38.0,4
2017.12.12 22:00,closebuy,0.1,151.384,2000.0,0.0,-38.0,4
2017.12.18 15:00,closebuy,0.1,150.861,-6600.0,0.0,-38.0,4
2017.12.21 12:00,closesell,0.1,151.757,2000.0,0.0,-38.0,4
2017.12.29 15:00,closesell,0.1,152.189,5650.0,100.0,-38.0,5
2018.01.02 18:00,closesell,0.1,152.525,4090.0,0.0,-38.0,5
2018.01.03 16:00,closesell,0.1,152.085,-3710.0,0.0,-38.0,4
2018.01.04 11:00,closebuy,0.1,152.686,-4590.0,0.0,-38.0,4
2018.01.09 01:00,closesell,0.1,153.488,2000.0,100.0,-38.0,4
2018.01.10 08:00,closebuy,0.1,151.783,7990.0,0.0,-38.0,5
2018.01.11 11:14,closebuy,0.1,150.603,2000.0,0.0,-38.0,4
2018.01.15 12:00,closesell,0.1,152.451,2000.0,0.0,-38.0,4
2018.01.18 18:00,closesell,0.1,153.972,2000.0,0.0,-38.0,4
2018.01.19 11:00,closesell,0.1,153.792,-2090.0,0.0,-38.0,4
2018.01.22 11:00,closebuy,0.1,154.232,-5720.0,0.0,-39.0,4
2018.01.23 09:00,closesell,0.1,155.04,2000.0,0.0,-39.0,4
2018.01.24 15:00,closebuy,0.1,155.289,-8090.0,0.0,-39.0,4
2018.01.25 16:57,closesell,0.1,155.668,2000.0,0.0,-39.0,4
2018.01.26 11:00,closebuy,0.1,155.705,-7190.0,0.0,-39.0,4
2018.01.30 06:00,closebuy,0.1,152.805,11330.0,-214.0,-38.0,5
2018.01.31 17:00,closesell,0.1,154.677,9460.0,0.0,-39.0,5
2018.02.01 15:57,closesell,0.1,155.691,1230.0,0.0,-39.0,5
2018.02.02 23:00,closesell,0.1,155.459,-6570.0,0.0,-39.0,4
2018.02.05 11:33,closebuy,0.1,155.086,2700.0,0.0,-39.0,5
2018.02.06 16:51,closebuy,0.1,152.291,2000.0,0.0,-38.0,4
2018.02.07 10:00,closesell,0.1,151.727,-8390.0,0.0,-38.0,4
2018.02.08 14:00,closebuy,0.1,152.819,-8650.0,0.0,-38.0,4
2018.02.09 14:42,closebuy,0.1,150.061,17900.0,0.0,-38.0,5
2018.02.12 18:00,closebuy,0.1,150.161,2000.0,0.0,-38.0,4
2018.02.14 05:00,closebuy,0.1,148.962,7570.0,0.0,-37.0,5
2018.02.20 11:06,closebuy,0.1,149.766,-5310.0,-214.0,-37.0,4
2018.02.21 11:01,closesell,0.1,150.031,-3250.0,0.0,-38.0,4
2018.02.26 00:05,closebuy,0.1,149.755,-5860.0,-214.0,-37.0,4
2018.02.27 10:01,closebuy,0.1,149.887,-3980.0,0.0,-37.0,4
2018.03.02 08:33,closebuy,0.1,145.813,12430.0,-214.0,-36.0,5
2018.03.05 05:25,closebuy,0.1,145.613,2000.0,0.0,-36.0,4
2018.03.06 13:55,closesell,0.1,147.753,8870.0,0.0,-37.0,5
2018.03.07 01:02,closesell,0.1,146.609,-2940.0,0.0,-37.0,4
2018.03.09 03:10,closebuy,0.1,147.388,-4830.0,0.0,-37.0,4
2018.03.13 07:48,closesell,0.1,148.307,5080.0,0.0,-37.0,5
2018.03.13 12:26,closesell,0.1,148.776,9710.0,100.0,-37.0,5
2018.03.14 18:35,closesell,0.1,147.9,-8070.0,0.0,-37.0,4
2018.03.15 12:42,closebuy,0.1,147.729,5940.0,0.0,-37.0,5
2018.03.19 12:17,closebuy,0.1,147.902,-3070.0,0.0,-37.0,4
2018.03.21 14:43,closesell,0.1,149.307,2000.0,100.0,-37.0,4
2018.03.22 15:38,closesell,0.1,149.156,-4410.0,0.0,-37.0,4
2018.03.23 15:30,closebuy,0.1,148.742,-5150.0,0.0,-37.0,4
2018.03.26 04:19,closebuy,0.1,148.757,-2430.0,0.0,-37.0,4
2018.03.27 11:08,closesell,0.1,149.416,-6690.0,0.0,-37.0,4
2018.03.28 10:58,closebuy,0.1,149.435,2000.0,0.0,-37.0,4
2018.03.29 17:55,closesell,0.1,149.387,-7400.0,0.0,-37.0,4
2018.04.02 00:05,closebuy,0.1,149.079,2000.0,-214.0,-37.0,4
2018.04.04 11:11,closesell,0.1,149.277,-5380.0,0.0,-37.0,4
2018.04.06 16:50,closesell,0.1,150.895,6320.0,100.0,-38.0,5
2018.04.09 22:55,closesell,0.1,150.708,-3050.0,0.0,-38.0,4
2018.04.12 12:42,closebuy,0.1,151.448,2000.0,0.0,-38.0,4
2018.04.12 16:50,closesell,0.1,152.482,9530.0,300.0,-38.0,5
2018.04.13 17:51,closesell,0.1,153.293,1000.0,0.0,-38.0,5
2018.04.17 19:54,closesell,0.1,152.872,-4850.0,0.0,-38.0,4
2018.04.18 06:30,closebuy,0.1,153.462,-2920.0,0.0,-38.0,4
2018.04.19 11:14,closebuy,0.1,152.38,2000.0,0.0,-38.0,4
2018.04.20 13:26,closebuy,0.1,151.494,2000.0,0.0,-38.0,4
2018.04.23 18:20,closebuy,0.1,151.424,-2510.0,0.0,-38.0,4
2018.04.24 21:29,closesell,0.1,151.702,-810.0,0.0,-38.0,4
2018.04.25 19:12,closesell,0.1,152.346,2000.0,0.0,-38.0,4
2018.04.26 10:55,closesell,0.1,152.104,-1260.0,0.0,-38.0,4
2018.05.01 12:33,closebuy,0.1,150.119,2000.0,-214.0,-38.0,4
2018.05.03 11:27,closebuy,0.1,149.433,2000.0,-642.0,-37.0,4
2018.05.03 13:01,closebuy,0.1,149.05,2000.0,0.0,-37.0,4
2018.05.07 17:33,closebuy,0.1,148.215,-4130.0,0.0,-37.0,4
2018.05.10 11:01,closesell,0.1,148.774,2000.0,0.0,-37.0,4
2018.05.11 10:17,closebuy,0.1,147.905,2000.0,0.0,-37.0,4
2018.05.15 13:09,closesell,0.1,148.841,2000.0,0.0,-37.0,4
2018.05.16 12:06,closesell,0.1,148.505,-2880.0,0.0,-37.0,4
2018.05.21 12:37,closesell,0.1,149.078,-5010.0,100.0,-37.0,4
2018.05.21 19:51,closebuy,0.1,148.87,5560.0,0.0,-37.0,5
2018.05.24 11:25,closebuy,0.1,146.932,2000.0,0.0,-37.0,4
2018.05.25 11:32,closebuy,0.1,146.245,2000.0,0.0,-37.0,4
2018.05.28 07:02,closebuy,0.1,145.922,2000.0,0.0,-36.0,4
2018.05.31 09:10,closesell,0.1,144.671,2000.0,0.0,-36.0,4
2018.05.31 11:13,closebuy,0.1,145.197,-11550.0,-642.0,-36.0,4
2018.06.04 12:26,closesell,0.1,146.847,6720.0,0.0,-37.0,5
2018.06.07 13:19,closesell,0.1,147.777,2000.0,0.0,-37.0,4
2018.06.08 20:27,closebuy,0.1,146.855,-690.0,0.0,-37.0,4
2018.06.11 09:07,closebuy,0.1,147.501,-5960.0,0.0,-37.0,4
2018.06.12 18:42,closesell,0.1,147.803,4100.0,0.0,-37.0,5
2018.06.14 15:52,closesell,0.1,147.134,-3370.0,300.0,-37.0,4
2018.06.15 12:08,closebuy,0.1,146.718,2000.0,0.0,-37.0,4
2018.06.20 04:33,closebuy,0.1,144.886,2000.0,0.0,-36.0,4
2018.06.21 11:44,closesell,0.1,144.967,-3930.0,0.0,-36.0,4
2018.06.25 03:30,closesell,0.1,145.349,-3650.0,0.0,-36.0,4
2018.06.29 05:36,closebuy,0.1,144.715,-2790.0,-214.0,-36.0,4
2018.07.05 16:28,closesell,0.1,146.214,2000.0,500.0,-37.0,4
2018.07.09 17:28,closesell,0.1,146.78,-1190.0,0.0,-37.0,4
2018.07.11 17:48,closesell,0.1,147.416,2000.0,0.0,-37.0,4
2018.07.13 11:18,closesell,0.1,147.946,-4680.0,0.0,-37.0,4
2018.07.19 04:25,closebuy,0.1,147.367,2390.0,-642.0,-37.0,5
2018.07.23 03:16,closebuy,0.1,145.807,6660.0,-214.0,-36.0,5
2018.07.24 19:13,closebuy,0.1,146.24,-3540.0,0.0,-37.0,4
2018.07.25 17:42,closesell,0.1,145.806,-3450.0,0.0,-36.0,4
2018.07.30 10:36,closebuy,0.1,145.766,-80.0,0.0,-36.0,4
2018.07.31 07:03,closesell,0.1,145.394,-2630.0,0.0,-36.0,4
2018.08.02 06:59,closesell,0.1,146.149,-6130.0,300.0,-37.0,4
2018.08.03 16:50,closebuy,0.1,144.646,8350.0,0.0,-36.0,5
2018.08.07 15:19,closebuy,0.1,143.912,4790.0,0.0,-36.0,5
2018.08.09 11:14,closebuy,0.1,142.78,2000.0,0.0,-36.0,4
2018.08.13 08:25,closebuy,0.1,140.842,670.0,0.0,-35.0,5
2018.08.14 18:32,closesell,0.1,141.164,-4140.0,0.0,-35.0,4
2018.08.17 13:00,closesell,0.1,140.369,-4400.0,0.0,-35.0,4
2018.08.17 16:36,closebuy,0.1,140.661,2000.0,-214.0,-35.0,4
2018.08.23 11:32,closesell,0.1,142.448,2000.0,300.0,-36.0,4
2018.08.23 13:49,closesell,0.1,142.991,4270.0,0.0,-36.0,5
2018.08.28 02:03,closesell,0.1,143.285,5340.0,100.0,-36.0,5
2018.08.31 14:35,closebuy,0.1,143.859,7500.0,0.0,-36.0,5
2018.08.31 14:36,closesell,0.1,143.777,-13080.0,100.0,-36.0,4
2018.09.04 15:43,closebuy,0.1,142.893,2000.0,0.0,-36.0,4
2018.09.07 03:07,closesell,0.1,142.709,-10120.0,100.0,-36.0,4
2018.09.10 15:53,closesell,0.1,144.371,10390.0,0.0,-36.0,5
2018.09.11 15:03,closesell,0.1,144.428,-5230.0,0.0,-36.0,4
2018.09.13 13:47,closebuy,0.1,145.594,-3070.0,0.0,-36.0,4
2018.09.13 16:27,closesell,0.1,146.114,10710.0,300.0,-37.0,5
2018.09.17 16:18,closesell,0.1,147.329,7710.0,100.0,-37.0,5
2018.09.18 09:17,closesell,0.1,147.63,7670.0,0.0,-37.0,5
2018.09.20 11:14,closesell,0.1,148.155,8030.0,300.0,-37.0,5
2018.09.21 15:03,closesell,0.1,148.285,-7820.0,0.0,-37.0,4
2018.09.25 21:38,closebuy,0.1,148.933,-13450.0,-214.0,-37.0,4
2018.09.26 19:06,closesell,0.1,148.777,2000.0,0.0,-37.0,4
2018.09.27 08:10,closebuy,0.1,148.078,6340.0,0.0,-37.0,5
2018.10.03 17:22,closebuy,0.1,148.409,-7220.0,0.0,-37.0,4
2018.10.04 14:53,closesell,0.1,148.242,2000.0,0.0,-37.0,4
2018.10.08 11:06,closesell,0.1,148.48,-5400.0,0.0,-37.0,4
2018.10.09 15:41,closebuy,0.1,147.926,2000.0,0.0,-37.0,4
2018.10.10 22:19,closesell,0.1,148.283,-3660.0,0.0,-37.0,4
2018.10.11 19:13,closebuy,0.1,148.237,2000.0,0.0,-37.0,4
2018.10.15 13:59,closebuy,0.1,147.239,-2060.0,0.0,-37.0,4
2018.10.17 14:30,closesell,0.1,147.192,-7020.0,0.0,-37.0,4
2018.10.19 19:46,closebuy,0.1,147.276,-8210.0,0.0,-37.0,4
2018.10.22 13:03,closesell,0.1,146.942,2000.0,0.0,-37.0,4
2018.10.23 17:00,closebuy,0.1,145.639,6230.0,0.0,-36.0,5
2018.10.26 05:36,closebuy,0.1,143.894,7390.0,-214.0,-36.0,5
2018.10.29 14:14,closebuy,0.1,144.236,-6230.0,0.0,-36.0,4
2018.11.01 04:20,closesell,0.1,144.993,9420.0,0.0,-36.0,5
2018.11.05 11:30,closesell,0.1,146.88,2000.0,100.0,-37.0,4
2018.11.06 12:10,closesell,0.1,147.717,-1240.0,0.0,-37.0,4
2018.11.07 16:00,closesell,0.1,148.62,2000.0,0.0,-37.0,4
2018.11.08 09:58,closesell,0.1,149.301,3080.0,0.0,-37.0,5
2018.11.13 10:34,closebuy,0.1,147.189,-5880.0,0.0,-37.0,4
2018.11.14 13:25,closesell,0.1,146.876,-9930.0,0.0,-37.0,4
2018.11.19 09:46,closebuy,0.1,144.973,2000.0,-214.0,-36.0,4
2018.11.21 09:34,closebuy,0.1,144.708,-2940.0,0.0,-36.0,4
2018.11.22 12:12,closesell,0.1,144.863,5230.0,0.0,-36.0,5
2018.11.23 17:56,closesell,0.1,144.442,-8410.0,0.0,-36.0,4
2018.11.26 10:01,closebuy,0.1,145.32,-5240.0,0.0,-36.0,4
2018.11.27 09:17,closesell,0.1,144.82,-4660.0,0.0,-36.0,4
2018.11.28 12:40,closebuy,0.1,145.463,-3190.0,0.0,-36.0,4
2018.11.29 10:44,closesell,0.1,145.138,-2780.0,0.0,-36.0,4
2018.11.30 18:41,closebuy,0.1,145.005,2000.0,0.0,-36.0,4
2018.12.03 09:17,closebuy,0.1,145.165,-1650.0,0.0,-36.0,4
2018.12.05 13:14,closebuy,0.1,144.449,-7780.0,0.0,-36.0,4
2018.12.06 05:13,closesell,0.1,143.398,-5590.0,0.0,-36.0,4
2018.12.10 12:47,closebuy,0.1,143.09,3990.0,0.0,-36.0,5
2018.12.11 18:10,closebuy,0.1,142.209,2000.0,0.0,-36.0,4
2018.12.12 14:16,closebuy,0.1,142.45,-2560.0,0.0,-36.0,4
2018.12.14 10:20,closesell,0.1,143.012,-4700.0,0.0,-36.0,4
2018.12.18 05:09,closebuy,0.1,142.081,9050.0,-214.0,-36.0,5
2018.12.20 15:57,closebuy,0.1,141.393,5280.0,0.0,-35.0,5
2018.12.21 17:51,closebuy,0.1,140.843,2000.0,0.0,-35.0,4
2018.12.27 12:34,closesell,0.1,139.844,-5330.0,0.0,-35.0,4
2018.12.28 10:01,closebuy,0.1,139.736,5600.0,0.0,-35.0,5
2018.12.31 13:27,closebuy,0.1,140.444,-960.0,0.0,-35.0,4
2019.01.03 18:48,closebuy,0.1,136.725,-1640.0,0.0,-34.0,4
2019.01.04 19:50,closebuy,0.1,138.13,-19120.0,0.0,-35.0,4
2019.01.08 02:11,closesell,0.1,139.001,11870.0,100.0,-35.0,5
2019.01.09 10:50,closebuy,0.1,139.109,-5950.0,0.0,-35.0,4
2019.01.14 17:56,closesell,0.1,140.027,9550.0,0.0,-35.0,5
2019.01.15 03:27,closebuy,0.1,139.856,-5210.0,0.0,-35.0,4
2019.01.17 18:05,closesell,0.1,140.972,17430.0,300.0,-35.0,5
2019.01.17 18:32,closesell,0.1,141.103,10740.0,0.0,-35.0,5
2019.01.21 17:40,closebuy,0.1,140.885,3660.0,0.0,-35.0,5
2019.01.23 13:41,closesell,0.1,142.872,12460.0,300.0,-36.0,5
2019.01.25 05:01,closesell,0.1,143.959,9500.0,100.0,-36.0,5
2019.01.29 02:54,closesell,0.1,143.502,-7880.0,100.0,-36.0,4
2019.01.31 16:27,closebuy,0.1,142.256,10830.0,-642.0,-36.0,5
2019.02.01 11:58,closebuy,0.1,142.156,6820.0,0.0,-36.0,5
2019.02.04 23:59,closesell,0.1,143.129,-3160.0,0.0,-36.0,4
2019.02.07 05:15,closebuy,0.1,142.098,2000.0,-642.0,-36.0,4
2019.02.13 18:31,closesell,0.1,142.625,-560.0,0.0,-36.0,4
2019.02.15 19:17,closebuy,0.1,142.322,-7820.0,0.0,-36.0,4
2019.02.20 17:52,closesell,0.1,144.607,2000.0,0.0,-36.0,4
2019.02.25 00:51,closebuy,0.1,144.786,-4270.0,-214.0,-36.0,4
2019.02.26 16:30,closesell,0.1,145.932,860.0,0.0,-36.0,5
2019.02.27 13:41,closesell,0.1,147.25,9210.0,0.0,-37.0,5
2019.03.01 16:51,closesell,0.1,148.43,10060.0,100.0,-37.0,5
2019.03.05 14:50,closebuy,0.1,146.76,7260.0,0.0,-37.0,5
2019.03.11 10:53,closebuy,0.1,144.753,-3940.0,0.0,-36.0,4
2019.03.12 10:31,closesell,0.1,147.217,3540.0,0.0,-37.0,5
2019.03.13 22:18,closebuy,0.1,147.36,-16110.0,0.0,-37.0,4
2019.03.14 20:43,closesell,0.1,148.043,2000.0,0.0,-37.0,4
2019.03.15 12:01,closebuy,0.1,147.954,2000.0,0.0,-37.0,4
2019.03.18 12:20,closesell,0.1,147.632,-2940.0,0.0,-37.0,4
2019.03.20 15:46,closebuy,0.1,146.994,8880.0,-214.0,-37.0,5
2019.03.21 18:09,closebuy,0.1,145.204,3680.0,0.0,-36.0,5
2019.03.22 13:31,closebuy,0.1,145.061,2000.0,0.0,-36.0,4
2019.03.27 23:48,closesell,0.1,146.059,2000.0,0.0,-37.0,4
2019.03.29 14:05,closebuy,0.1,145.381,-7550.0,0.0,-36.0,4
2019.04.03 09:31,closesell,0.1,146.706,13600.0,100.0,-37.0,5
2019.04.04 17:29,closesell,0.1,146.125,-5410.0,0.0,-37.0,4
2019.04.05 16:40,closebuy,0.1,145.408,7030.0,0.0,-36.0,5
2019.04.09 16:01,closebuy,0.1,144.966,7450.0,-214.0,-36.0,5
2019.04.10 15:14,closebuy,0.1,145.787,-5270.0,0.0,-36.0,4
2019.04.15 22:09,closesell,0.1,146.565,2000.0,0.0,-37.0,4
2019.04.16 10:35,closesell,0.1,146.325,-1190.0,0.0,-37.0,4
2019.04.25 06:26,closebuy,0.1,144.609,2000.0,-642.0,-36.0,4
2019.04.29 10:10,closebuy,0.1,144.653,-5110.0,-214.0,-36.0,4
2019.05.06 02:54,closesell,0.1,145.631,2000.0,0.0,-36.0,4
2019.05.07 14:41,closebuy,0.1,144.639,7030.0,0.0,-36.0,5
2019.05.09 19:39,closebuy,0.1,143.026,-1510.0,0.0,-36.0,4
2019.05.10 09:25,closebuy,0.1,142.769,2000.0,0.0,-36.0,4
2019.05.14 16:38,closebuy,0.1,141.584,2000.0,0.0,-35.0,4
2019.05.17 09:43,closebuy,0.1,140.058,6340.0,-214.0,-35.0,5
2019.05.20 17:18,closebuy,0.1,139.998,2000.0,0.0,-35.0,4
2019.05.22 16:48,closesell,0.1,139.432,-9460.0,0.0,-35.0,4
2019.05.24 13:11,closebuy,0.1,139.438,-5150.0,0.0,-35.0,4
2019.05.28 11:03,closebuy,0.1,138.379,6070.0,0.0,-35.0,5
2019.05.29 18:01,closebuy,0.1,138.089,3250.0,0.0,-35.0,5
2019.06.03 15:58,closebuy,0.1,136.834,2000.0,0.0,-34.0,4
2019.06.11 11:30,closebuy,0.1,138.02,-2810.0,0.0,-35.0,4
2019.06.12 13:57,closesell,0.1,138.044,2000.0,0.0,-35.0,4
2019.06.13 21:16,closebuy,0.1,137.39,2290.0,0.0,-34.0,5
2019.06.17 11:08,closebuy,0.1,136.641,2000.0,0.0,-34.0,4
2019.06.18 22:18,closebuy,0.1,136.249,-2840.0,0.0,-34.0,4
2019.06.20 12:52,closesell,0.1,137.134,6050.0,0.0,-34.0,5
2019.06.21 16:37,closebuy,0.1,136.319,2000.0,0.0,-34.0,4
2019.06.24 13:05,closesell,0.1,136.916,2000.0,0.0,-34.0,4
2019.06.26 12:12,closebuy,0.1,136.562,-3480.0,0.0,-34.0,4
2019.06.27 17:58,closesell,0.1,136.615,-2470.0,0.0,-34.0,4
2019.07.01 11:34,closesell,0.1,136.84,-2760.0,0.0,-34.0,4
2019.07.05 21:06,closebuy,0.1,135.936,-3040.0,-856.0,-34.0,4
2019.07.08 10:12,closesell,0.1,135.568,-50.0,0.0,-34.0,4
2019.07.10 19:29,closebuy,0.1,135.675,2000.0,0.0,-34.0,4
2019.07.18 00:07,closebuy,0.1,134.31,2000.0,-642.0,-34.0,4
2019.07.22 03:51,closesell,0.1,134.975,2920.0,100.0,-34.0,5
2019.07.25 13:37,closesell,0.1,134.991,2000.0,0.0,-34.0,4
2019.07.30 13:01,closebuy,0.1,132.296,430.0,0.0,-33.0,5
2019.07.31 16:45,closebuy,0.1,132.755,-5840.0,0.0,-33.0,4
2019.08.01 05:33,closesell,0.1,132.36,2000.0,0.0,-33.0,4
2019.08.02 17:00,closebuy,0.1,129.612,2000.0,0.0,-32.0,4
2019.08.05 12:38,closebuy,0.1,128.997,490.0,0.0,-32.0,5
2019.08.06 06:52,closebuy,0.1,129.413,-6350.0,0.0,-32.0,4
2019.08.07 15:05,closesell,0.1,128.369,-8640.0,0.0,-32.0,4
2019.08.08 17:38,closebuy,0.1,128.814,2000.0,0.0,-32.0,4
2019.08.13 16:46,closebuy,0.1,127.778,-6740.0,-214.0,-32.0,4
2019.08.15 09:38,closebuy,0.1,128.417,-5390.0,0.0,-32.0,4
2019.08.15 16:40,closesell,0.1,128.547,2000.0,300.0,-32.0,4
2019.08.16 11:55,closesell,0.1,128.982,7370.0,0.0,-32.0,5
2019.08.20 13:35,closesell,0.1,128.484,-6420.0,100.0,-32.0,4
2019.08.23 18:56,closesell,0.1,129.111,-9680.0,0.0,-32.0,4
2019.08.26 10:02,closebuy,0.1,129.959,-5670.0,0.0,-32.0,4
2019.08.28 10:51,closesell,0.1,129.667,2000.0,100.0,-32.0,4
2019.09.02 09:12,closebuy,0.1,129.282,2000.0,-428.0,-32.0,4
2019.09.02 10:51,closebuy,0.1,128.951,3180.0,0.0,-32.0,5
2019.09.03 14:52,closebuy,0.1,127.538,3380.0,0.0,-32.0,5
2019.09.05 13:03,closesell,0.1,131.188,10570.0,0.0,-33.0,5
2019.09.09 11:54,closebuy,0.1,131.754,-3540.0,0.0,-33.0,4
2019.09.10 04:23,closesell,0.1,132.654,9860.0,200.0,-33.0,5
2019.09.11 14:11,closesell,0.1,133.134,2060.0,0.0,-33.0,5
2019.09.16 03:12,closesell,0.1,134.489,2000.0,0.0,-34.0,4
2019.09.18 23:28,closesell,0.1,135.165,2000.0,0.0,-34.0,4
2019.09.24 12:35,closebuy,0.1,134.316,-4940.0,0.0,-34.0,4
2019.09.27 10:00,closebuy,0.1,132.577,4950.0,-214.0,-33.0,5
2019.10.03 14:21,closebuy,0.1,131.786,2000.0,0.0,-33.0,4
2019.10.08 12:09,closesell,0.1,131.253,-4770.0,0.0,-33.0,4
2019.10.09 11:19,closebuy,0.1,131.765,-7020.0,0.0,-33.0,4
2019.10.10 16:50,closesell,0.1,131.75,7900.0,0.0,-33.0,5
2019.10.15 10:09,closesell,0.1,137.055,2000.0,100.0,-34.0,4
2019.10.16 15:29,closesell,0.1,138.797,2000.0,0.0,-35.0,4
2019.10.17 12:35,closesell,0.1,140.52,12890.0,0.0,-35.0,5
2019.10.18 14:29,closesell,0.1,139.784,2000.0,0.0,-35.0,4
2019.10.21 01:12,closesell,0.1,139.608,-760.0,0.0,-35.0,4
2019.10.22 21:32,closesell,0.1,139.878,-8430.0,0.0,-35.0,4
2019.10.23 21:57,closebuy,0.1,140.207,-5850.0,0.0,-35.0,4
2019.10.24 17:19,closesell,0.1,139.418,-6320.0,0.0,-35.0,4
2019.10.25 18:27,closebuy,0.1,139.498,2000.0,0.0,-35.0,4
2019.10.29 17:16,closesell,0.1,140.436,5940.0,0.0,-35.0,5
2019.10.31 12:49,closesell,0.1,140.021,-2610.0,0.0,-35.0,4
2019.11.05 10:09,closebuy,0.1,140.428,-4820.0,-428.0,-35.0,4
2019.11.06 19:30,closesell,0.1,140.019,-2530.0,0.0,-35.0,4
2019.11.07 12:25,closebuy,0.1,140.475,-3610.0,0.0,-35.0,4
2019.11.11 14:09,closebuy,0.1,140.065,-3000.0,0.0,-35.0,4
2019.11.13 14:22,closesell,0.1,139.705,-4600.0,100.0,-35.0,4
2019.11.18 17:44,closesell,0.1,140.673,620.0,0.0,-35.0,5
2019.11.20 16:40,closebuy,0.1,140.432,-2380.0,0.0,-35.0,4
2019.11.25 10:06,closebuy,0.1,140.165,-5130.0,0.0,-35.0,4
2019.11.27 18:12,closesell,0.1,140.894,6740.0,100.0,-35.0,5
2019.11.29 18:04,closesell,0.1,141.5,2000.0,100.0,-35.0,4
2019.12.03 10:05,closebuy,0.1,141.578,-2990.0,0.0,-35.0,4
2019.12.06 10:27,closesell,0.1,142.709,-710.0,0.0,-36.0,4
2019.12.09 08:31,closebuy,0.1,143.052,-1470.0,0.0,-36.0,4
2019.12.12 03:59,closesell,0.1,143.577,7830.0,300.0,-36.0,5
2019.12.17 00:55,closesell,0.1,145.586,-4080.0,0.0,-36.0,4
2019.12.19 09:35,closebuy,0.1,143.705,-450.0,0.0,-36.0,4
2019.12.23 14:24,closebuy,0.1,141.535,9560.0,-214.0,-35.0,5
2019.12.26 03:20,closebuy,0.1,142.305,-5990.0,-856.0,-36.0,4
2019.12.27 10:53,closesell,0.1,142.992,6650.0,0.0,-36.0,5
2019.12.31 13:52,closebuy,0.1,143.265,-3490.0,0.0,-36.0,4
2019.12.31 17:57,closesell,0.1,143.929,8640.0,100.0,-36.0,5
2020.01.02 16:31,closesell,0.1,142.929,-8850.0,0.0,-36.0,4
2020.01.06 12:16,closebuy,0.1,142.118,-7400.0,0.0,-36.0,4
2020.01.07 12:06,closesell,0.1,142.774,2000.0,0.0,-36.0,4
2020.01.08 19:10,closebuy,0.1,142.994,-6150.0,0.0,-36.0,4
2020.01.10 16:31,closesell,0.1,143.185,2000.0,100.0,-36.0,4
2020.01.16 10:31,closesell,0.1,143.581,5830.0,300.0,-36.0,5
2020.01.17 16:53,closesell,0.1,143.482,-3980.0,0.0,-36.0,4
2020.01.21 03:33,closebuy,0.1,142.902,4190.0,-214.0,-36.0,5
2020.01.23 16:17,closesell,0.1,143.507,-5690.0,0.0,-36.0,4
2020.01.24 11:30,closebuy,0.1,144.329,-4710.0,0.0,-36.0,4
2020.01.27 15:40,closebuy,0.1,142.487,2000.0,0.0,-36.0,4
2020.01.28 10:24,closebuy,0.1,141.839,5100.0,0.0,-35.0,5
2020.01.31 16:09,closesell,0.1,143.129,3380.0,0.0,-36.0,5
2020.02.03 10:16,closesell,0.1,142.62,-2120.0,0.0,-36.0,4
2020.02.04 10:07,closebuy,0.1,141.187,2000.0,0.0,-35.0,4
2020.02.05 15:48,closesell,0.1,142.62,2000.0,0.0,-36.0,4
2020.02.10 15:35,closebuy,0.1,142.066,-4150.0,0.0,-36.0,4
2020.02.13 07:29,closesell,0.1,142.201,-3000.0,0.0,-36.0,4
2020.02.17 02:03,closesell,0.1,143.217,2000.0,100.0,-36.0,4
2020.02.20 16:55,closesell,0.1,144.388,4580.0,0.0,-36.0,5
2020.02.21 10:10,closesell,0.1,143.8,-2670.0,0.0,-36.0,4
2020.02.26 13:41,closebuy,0.1,143.044,2000.0,-214.0,-36.0,4
2020.02.27 20:33,closebuy,0.1,141.82,2050.0,0.0,-35.0,5
2020.03.02 18:56,closebuy,0.1,138.193,2000.0,0.0,-35.0,4
2020.03.04 20:16,closebuy,0.1,138.162,-5200.0,0.0,-35.0,4
2020.03.05 20:15,closesell,0.1,137.462,-6340.0,0.0,-34.0,4
2020.03.06 17:27,closebuy,0.1,137.391,-2090.0,0.0,-34.0,4
2020.03.10 08:05,closebuy,0.1,136.469,-18980.0,0.0,-34.0,4
2020.03.11 10:01,closesell,0.1,134.263,-12300.0,0.0,-34.0,4
2020.03.12 20:13,closebuy,0.1,132.975,2510.0,0.0,-33.0,5
2020.03.13 10:36,closebuy,0.1,133.405,-13540.0,0.0,-33.0,4
2020.03.16 01:09,closesell,0.1,132.08,2000.0,0.0,-33.0,4
2020.03.17 20:50,closebuy,0.1,129.992,2000.0,0.0,-32.0,4
2020.03.19 18:17,closebuy,0.1,128.881,-30530.0,0.0,-32.0,4
2020.03.20 10:46,closesell,0.1,129.778,26090.0,0.0,-32.0,5
2020.03.24 12:17,closebuy,0.1,129.351,-8760.0,0.0,-32.0,4
2020.03.25 08:08,closesell,0.1,131.625,28910.0,200.0,-33.0,5
2020.03.25 11:26,closesell,0.1,132.222,16270.0,0.0,-33.0,5
2020.03.26 22:57,closesell,0.1,133.758,20790.0,0.0,-33.0,5
2020.03.30 05:10,closesell,0.1,132.933,2000.0,100.0,-33.0,4
2020.03.30 05:10,closesell,0.1,132.946,-7660.0,0.0,-33.0,4
2020.04.02 12:18,closebuy,0.1,133.338,-2840.0,0.0,-33.0,4
2020.04.03 15:45,closesell,0.1,132.835,-7360.0,0.0,-33.0,4
2020.04.06 09:04,closebuy,0.1,133.617,-6290.0,0.0,-33.0,4
2020.04.07 14:51,closesell,0.1,134.58,9680.0,0.0,-34.0,5
2020.04.09 03:22,closesell,0.1,135.072,11520.0,300.0,-34.0,5
2020.04.15 09:02,closesell,0.1,134.728,-2790.0,0.0,-34.0,4
2020.04.17 00:28,closebuy,0.1,134.509,2000.0,-214.0,-34.0,4
2020.04.22 09:14,closebuy,0.1,132.422,2000.0,0.0,-33.0,4
2020.04.23 17:24,closesell,0.1,133.436,5990.0,0.0,-33.0,5
2020.04.29 17:11,closebuy,0.1,132.456,1270.0,0.0,-33.0,5
2020.05.04 01:47,closesell,0.1,133.138,-13940.0,100.0,-33.0,4
2020.05.06 03:10,closebuy,0.1,132.355,6440.0,-214.0,-33.0,5
2020.05.07 10:15,closebuy,0.1,131.872,-8080.0,0.0,-33.0,4
2020.05.08 16:02,closesell,0.1,131.997,4080.0,0.0,-33.0,5
2020.05.11 13:59,closesell,0.1,132.172,-3950.0,0.0,-33.0,4
2020.05.12 18:34,closesell,0.1,132.031,-5250.0,0.0,-33.0,4
2020.05.13 18:21,closebuy,0.1,130.794,8870.0,0.0,-33.0,5
2020.05.14 15:40,closebuy,0.1,130.339,2650.0,0.0,-33.0,5
2020.05.18 16:22,closebuy,0.1,130.811,-8730.0,0.0,-33.0,4
2020.05.21 12:24,closebuy,0.1,131.899,-3610.0,0.0,-33.0,4
2020.05.22 07:21,closesell,0.1,131.189,-7680.0,400.0,-33.0,4
2020.05.26 03:44,closebuy,0.1,131.57,-4570.0,-214.0,-33.0,4
2020.05.27 15:05,closesell,0.1,132.573,2000.0,0.0,-33.0,4
2020.05.28 19:38,closebuy,0.1,132.815,-5640.0,0.0,-33.0,4
2020.05.29 10:55,closesell,0.1,131.987,-4160.0,0.0,-33.0,4
2020.06.01 16:32,closesell,0.1,133.793,6420.0,0.0,-33.0,5
2020.06.03 18:07,closesell,0.1,137.186,7890.0,0.0,-34.0,5
2020.06.04 12:29,closesell,0.1,136.322,-3290.0,0.0,-34.0,4
2020.06.08 17:34,closesell,0.1,137.833,-10620.0,0.0,-34.0,4
2020.06.09 10:15,closebuy,0.1,137.044,10450.0,0.0,-34.0,5
2020.06.10 13:59,closebuy,0.1,137.121,2000.0,0.0,-34.0,4
2020.06.12 10:54,closebuy,0.1,135.369,-7460.0,0.0,-34.0,4
2020.06.16 11:06,closesell,0.1,135.35,-2750.0,0.0,-34.0,4
2020.06.17 17:18,closebuy,0.1,134.306,5880.0,0.0,-34.0,5
2020.06.18 10:37,closebuy,0.1,133.838,4270.0,0.0,-33.0,5
2020.06.19 19:17,closebuy,0.1,131.986,10560.0,0.0,-33.0,5
2020.06.22 10:34,closebuy,0.1,132.843,-6500.0,0.0,-33.0,4
2020.06.23 10:16,closesell,0.1,133.892,9530.0,0.0,-33.0,5
2020.06.25 11:09,closebuy,0.1,133.459,-3840.0,0.0,-33.0,4
2020.06.29 16:50,closebuy,0.1,132.33,2000.0,0.0,-33.0,4
2020.07.02 11:35,closesell,0.1,134.469,9980.0,300.0,-34.0,5
2020.07.08 18:24,closesell,0.1,135.093,2000.0,0.0,-34.0,4
2020.07.09 17:41,closesell,0.1,135.366,-1000.0,0.0,-34.0,4
2020.07.15 01:05,closebuy,0.1,134.819,-2370.0,-214.0,-34.0,4
2020.07.21 18:52,closesell,0.1,136.004,2000.0,0.0,-34.0,4
2020.07.24 06:31,closesell,0.1,135.709,-6060.0,100.0,-34.0,4
2020.07.30 13:14,closesell,0.1,136.642,4600.0,0.0,-34.0,5
2020.07.31 14:16,closesell,0.1,137.648,6790.0,0.0,-34.0,5
2020.08.04 08:38,closesell,0.1,138.61,2000.0,100.0,-35.0,4
2020.08.05 12:57,closebuy,0.1,138.762,-3370.0,0.0,-35.0,4
2020.08.07 13:58,closesell,0.1,138.218,-3980.0,100.0,-35.0,4
2020.08.11 03:17,closebuy,0.1,138.719,-2860.0,-214.0,-35.0,4
2020.08.12 17:58,closesell,0.1,139.517,4520.0,0.0,-35.0,5
2020.08.13 21:48,closesell,0.1,139.64,60.0,0.0,-35.0,5
2020.08.14 17:50,closesell,0.1,139.567,2000.0,0.0,-35.0,4
2020.08.18 16:51,closebuy,0.1,139.421,-4520.0,0.0,-35.0,4
2020.08.19 14:13,closesell,0.1,139.068,-4180.0,0.0,-35.0,4
2020.08.20 17:01,closebuy,0.1,138.905,2000.0,0.0,-35.0,4
2020.08.21 12:35,closesell,0.1,139.022,-6140.0,0.0,-35.0,4
2020.08.24 18:35,closebuy,0.1,138.525,2000.0,0.0,-35.0,4
2020.08.26 18:31,closesell,0.1,139.867,2000.0,0.0,-35.0,4
2020.08.28 10:35,closesell,0.1,140.737,-1820.0,0.0,-35.0,4
2020.09.01 21:53,closesell,0.1,141.74,-2590.0,0.0,-35.0,4
2020.09.04 17:26,closebuy,0.1,140.369,6660.0,0.0,-35.0,5
2020.09.09 14:50,closebuy,0.1,136.826,6160.0,0.0,-34.0,5
2020.09.10 10:00,closesell,0.1,137.999,2000.0,0.0,-34.0,4
2020.09.11 13:29,closebuy,0.1,136.085,2000.0,0.0,-34.0,4
2020.09.15 15:25,closesell,0.1,136.007,2000.0,0.0,-34.0,4
2020.09.22 10:34,closebuy,0.1,133.304,9350.0,0.0,-33.0,5
2020.09.23 12:05,closebuy,0.1,133.603,2000.0,0.0,-33.0,4
2020.09.24 17:35,closesell,0.1,134.039,2000.0,0.0,-34.0,4
2020.09.29 17:28,closesell,0.1,136.253,6690.0,0.0,-34.0,5
2020.09.30 09:02,closesell,0.1,135.34,-3150.0,0.0,-34.0,4
2020.10.01 11:48,closesell,0.1,135.442,-6070.0,0.0,-34.0,4
2020.10.05 11:10,closesell,0.1,136.745,4770.0,0.0,-34.0,5
2020.10.06 21:54,closesell,0.1,136.271,-6120.0,0.0,-34.0,4
2020.10.07 18:25,closebuy,0.1,136.968,-5400.0,0.0,-34.0,4
2020.10.09 10:04,closesell,0.1,137.288,3620.0,100.0,-34.0,5
2020.10.13 00:07,closesell,0.1,137.496,2000.0,100.0,-34.0,4
2020.10.14 13:26,closebuy,0.1,136.72,-4030.0,0.0,-34.0,4
2020.10.15 14:10,closesell,0.1,136.067,-7300.0,0.0,-34.0,4
2020.10.16 13:53,closebuy,0.1,135.466,5410.0,0.0,-34.0,5
2020.10.20 15:21,closesell,0.1,136.575,2000.0,0.0,-34.0,4
2020.10.23 17:19,closesell,0.1,136.561,-6240.0,100.0,-34.0,4
2020.10.27 11:20,closebuy,0.1,136.198,5350.0,-214.0,-34.0,5
2020.10.29 16:40,closebuy,0.1,134.765,8340.0,0.0,-34.0,5
2020.11.03 13:04,closesell,0.1,136.101,8880.0,100.0,-34.0,5
2020.11.04 03:16,closesell,0.1,136.4,2000.0,0.0,-34.0,4
2020.11.05 13:10,closebuy,0.1,136.191,-6500.0,0.0,-34.0,4
2020.11.09 09:02,closesell,0.1,136.545,7350.0,100.0,-34.0,5
2020.11.11 09:06,closesell,0.1,139.817,15640.0,100.0,-35.0,5
2020.11.11 11:32,closesell,0.1,140.226,8850.0,0.0,-35.0,5
2020.11.16 13:56,closebuy,0.1,138.562,-6430.0,-214.0,-35.0,4
2020.11.19 09:41,closebuy,0.1,137.481,1550.0,0.0,-34.0,5
2020.11.25 12:17,closesell,0.1,139.137,-1730.0,0.0,-35.0,4
2020.11.26 10:59,closesell,0.1,139.241,-2310.0,0.0,-35.0,4
2020.11.30 15:49,closebuy,0.1,139.095,-3840.0,0.0,-35.0,4
2020.12.02 15:47,closesell,0.1,139.094,-5900.0,0.0,-35.0,4
2020.12.04 15:59,closebuy,0.1,140.346,-6130.0,-214.0,-35.0,4
2020.12.07 09:16,closesell,0.1,139.373,-3740.0,0.0,-35.0,4
2020.12.08 09:54,closebuy,0.1,138.977,2000.0,0.0,-35.0,4
2020.12.10 03:40,closesell,0.1,139.336,2000.0,0.0,-35.0,4
2020.12.14 00:12,closebuy,0.1,138.649,-1990.0,0.0,-35.0,4
2020.12.17 07:42,closesell,0.1,140.012,4490.0,300.0,-35.0,5
2020.12.21 21:32,closebuy,0.1,139.507,-2200.0,0.0,-35.0,4
2020.12.23 15:35,closebuy,0.1,139.01,-3920.0,0.0,-35.0,4
2020.12.24 18:57,closesell,0.1,140.48,2550.0,0.0,-35.0,5
2020.12.29 00:05,closesell,0.1,139.459,-7090.0,100.0,-35.0,4
2020.12.31 17:57,closesell,0.1,140.977,4140.0,0.0,-35.0,5
2021.01.04 11:32,closesell,0.1,140.48,-3660.0,0.0,-35.0,4
2021.01.05 17:00,closebuy,0.1,139.94,2000.0,0.0,-35.0,4
2021.01.07 10:26,closesell,0.1,140.591,4320.0,0.0,-35.0,5
2021.01.08 19:07,closesell,0.1,141.152,2700.0,0.0,-35.0,5
2021.01.15 10:23,closesell,0.1,141.612,-2210.0,0.0,-35.0,4
2021.01.15 11:42,closesell,0.1,141.464,-4130.0,400.0,-35.0,4
2021.01.18 19:23,closebuy,0.1,140.87,-1110.0,0.0,-35.0,4
2021.01.20 16:59,closesell,0.1,141.501,-2390.0,0.0,-35.0,4
2021.01.21 10:45,closebuy,0.1,142.078,-4860.0,0.0,-36.0,4
2021.01.22 22:13,closesell,0.1,141.98,2000.0,0.0,-35.0,4
2021.01.27 18:18,closesell,0.1,142.55,2000.0,0.0,-36.0,4
2021.01.29 12:08,closesell,0.1,143.219,2000.0,0.0,-36.0,4
2021.02.02 00:04,closesell,0.1,143.29,-3370.0,100.0,-36.0,4
2021.02.09 11:05,closesell,0.1,144.256,-3710.0,100.0,-36.0,4
2021.02.16 11:10,closesell,0.1,146.956,1790.0,0.0,-37.0,5
2021.02.17 16:34,closesell,0.1,146.672,-4650.0,0.0,-37.0,4
2021.02.18 14:45,closebuy,0.1,147.417,-4740.0,0.0,-37.0,4
2021.02.19 17:19,closesell,0.1,148.108,7170.0,0.0,-37.0,5
2021.02.25 19:21,closesell,0.1,149.635,-3790.0,0.0,-37.0,4
2021.02.26 12:27,closebuy,0.1,148.071,3980.0,0.0,-37.0,5
2021.03.01 04:14,closebuy,0.1,149.239,-5830.0,0.0,-37.0,4
2021.03.03 15:30,closesell,0.1,149.367,2440.0,0.0,-37.0,5
2021.03.04 10:41,closesell,0.1,149.705,5450.0,0.0,-37.0,5
2021.03.05 09:37,closesell,0.1,150.019,2000.0,0.0,-38.0,4
2021.03.09 18:47,closesell,0.1,150.757,-1050.0,0.0,-38.0,4
2021.03.15 14:10,closesell,0.1,151.843,2000.0,100.0,-38.0,4
2021.03.18 09:45,closesell,0.1,152.241,3820.0,0.0,-38.0,5
2021.03.19 11:37,closebuy,0.1,151.532,2000.0,0.0,-38.0,4
2021.03.22 16:12,closebuy,0.1,150.389,3730.0,0.0,-38.0,5
2021.03.23 05:26,closesell,0.1,150.452,-680.0,0.0,-38.0,4
2021.03.24 17:51,closebuy,0.1,149.406,-3820.0,0.0,-37.0,4
2021.03.25 05:21,closebuy,0.1,149.299,-1720.0,0.0,-37.0,4
2021.03.29 17:24,closesell,0.1,151.322,2000.0,0.0,-38.0,4
2021.04.02 03:50,closesell,0.1,153.104,6570.0,100.0,-38.0,5
2021.04.06 11:15,closesell,0.1,152.89,-2090.0,0.0,-38.0,4
2021.04.07 16:07,closebuy,0.1,151.117,6850.0,0.0,-38.0,5
2021.04.08 11:16,closebuy,0.1,150.337,7490.0,0.0,-38.0,5
2021.04.09 09:41,closebuy,0.1,149.595,7000.0,0.0,-37.0,5
2021.04.13 10:42,closesell,0.1,150.405,2000.0,100.0,-38.0,4
2021.04.19 08:54,closesell,0.1,150.378,2000.0,0.0,-38.0,4
2021.04.20 16:51,closesell,0.1,151.129,-3030.0,0.0,-38.0,4
2021.04.21 16:07,closebuy,0.1,150.127,5370.0,0.0,-38.0,5
2021.04.23 17:30,closebuy,0.1,149.647,2000.0,0.0,-37.0,4
2021.04.26 15:18,closesell,0.1,150.135,4470.0,0.0,-38.0,5
2021.04.30 15:36,closesell,0.1,151.247,-4880.0,0.0,-38.0,4
2021.05.03 10:57,closebuy,0.1,151.791,-5380.0,0.0,-38.0,4
2021.05.04 15:40,closesell,0.1,151.051,-3830.0,0.0,-38.0,4
2021.05.11 13:01,closesell,0.1,153.772,2000.0,0.0,-38.0,4
2021.05.13 11:49,closesell,0.1,153.659,-3610.0,0.0,-38.0,4
2021.05.14 12:30,closebuy,0.1,153.773,2000.0,0.0,-38.0,4
2021.05.17 15:15,closesell,0.1,153.762,-2200.0,0.0,-38.0,4
2021.05.19 03:53,closesell,0.1,154.696,2320.0,100.0,-39.0,5
2021.05.21 13:20,closesell,0.1,154.648,5380.0,0.0,-39.0,5
2021.05.24 10:29,closebuy,0.1,154.002,2000.0,-428.0,-39.0,4
2021.06.03 11:30,closebuy,0.1,155.606,-4810.0,-642.0,-39.0,4
2021.06.04 11:32,closesell,0.1,155.528,2000.0,0.0,-39.0,4
2021.06.07 09:22,closesell,0.1,154.556,-10990.0,800.0,-39.0,4
2021.06.15 14:25,closesell,0.1,154.621,-5090.0,0.0,-39.0,4
2021.06.18 15:24,closebuy,0.1,152.743,4760.0,0.0,-38.0,5
2021.06.21 13:45,closebuy,0.1,152.807,-6870.0,0.0,-38.0,4
2021.06.22 05:59,closesell,0.1,153.581,2000.0,0.0,-38.0,4
2021.06.23 18:43,closesell,0.1,154.833,1220.0,0.0,-39.0,5
2021.06.24 14:00,closesell,0.1,154.367,-4370.0,0.0,-39.0,4
2021.06.28 20:39,closebuy,0.1,153.407,5100.0,0.0,-38.0,5
2021.06.30 12:46,closebuy,0.1,152.97,2000.0,0.0,-38.0,4
2021.07.02 13:37,closesell,0.1,153.102,-4810.0,100.0,-38.0,4
2021.07.07 19:48,closebuy,0.1,152.679,2000.0,0.0,-38.0,4
2021.07.09 16:46,closebuy,0.1,152.582,-10950.0,0.0,-38.0,4
2021.07.13 11:16,closesell,0.1,152.873,2000.0,100.0,-38.0,4
2021.07.15 03:15,closebuy,0.1,152.322,5800.0,-642.0,-38.0,5
2021.07.16 11:47,closebuy,0.1,152.575,-4790.0,0.0,-38.0,4
2021.07.20 10:34,closebuy,0.1,149.719,2000.0,0.0,-37.0,4
2021.07.23 15:03,closesell,0.1,151.95,10880.0,100.0,-38.0,5
2021.07.23 15:06,closesell,0.1,152.131,7170.0,0.0,-38.0,5
2021.07.26 09:45,closesell,0.1,151.494,-3670.0,0.0,-38.0,4
2021.07.27 10:28,closesell,0.1,151.751,-4810.0,0.0,-38.0,4
2021.07.29 10:01,closesell,0.1,153.126,5230.0,0.0,-38.0,5
2021.08.03 16:48,closebuy,0.1,151.263,6580.0,0.0,-38.0,5
2021.08.06 18:14,closesell,0.1,152.883,2000.0,0.0,-38.0,4
2021.08.18 14:56,closebuy,0.1,151.136,-4380.0,0.0,-38.0,4
2021.08.19 10:42,closesell,0.1,150.407,-4120.0,0.0,-38.0,4
2021.08.23 08:10,closebuy,0.1,150.055,-4690.0,-214.0,-38.0,4
2021.08.25 17:37,closesell,0.1,151.092,5410.0,100.0,-38.0,5
2021.08.26 11:28,closesell,0.1,151.355,2000.0,0.0,-38.0,4
2021.08.27 17:00,closebuy,0.1,151.386,-3790.0,0.0,-38.0,4
2021.09.03 22:00,closesell,0.1,152.13,2000.0,0.0,-38.0,4
2021.09.14 17:24,closesell,0.1,152.201,-1110.0,0.0,-38.0,4
2021.09.15 18:01,closebuy,0.1,151.193,2000.0,0.0,-38.0,4
2021.09.21 16:38,closebuy,0.1,149.42,2000.0,0.0,-37.0,4
2021.09.27 14:13,closesell,0.1,152.141,8850.0,100.0,-38.0,5
2021.09.28 12:55,closesell,0.1,151.853,-3090.0,0.0,-38.0,4
2021.09.30 15:27,closebuy,0.1,150.857,-3730.0,-642.0,-38.0,4
2021.10.01 04:08,closebuy,0.1,149.758,7770.0,-214.0,-37.0,5
2021.10.04 12:49,closesell,0.1,151.034,7900.0,0.0,-38.0,5
2021.10.06 12:01,closesell,0.1,151.184,-5920.0,0.0,-38.0,4
2021.10.07 19:01,closebuy,0.1,152.057,-6330.0,0.0,-38.0,4
2021.10.12 12:39,closesell,0.1,154.084,2000.0,0.0,-39.0,4
2021.10.13 09:15,closesell,0.1,154.351,2000.0,0.0,-39.0,4
2021.10.19 09:58,closesell,0.1,156.961,2000.0,100.0,-39.0,4
2021.10.20 14:21,closesell,0.1,157.364,-4400.0,0.0,-39.0,4
2021.10.21 09:40,closesell,0.1,157.295,-3480.0,0.0,-39.0,4
2021.10.22 11:30,closebuy,0.1,157.155,2000.0,0.0,-39.0,4
2021.10.26 12:23,closebuy,0.1,157.239,-8090.0,-214.0,-39.0,4
2021.10.27 10:54,closesell,0.1,156.467,-4940.0,0.0,-39.0,4
2021.10.28 15:38,closebuy,0.1,156.183,2000.0,0.0,-39.0,4
2021.11.01 12:47,closebuy,0.1,156.141,2000.0,0.0,-39.0,4
2021.11.02 16:00,closebuy,0.1,155.463,-350.0,0.0,-39.0,4
2021.11.03 17:38,closebuy,0.1,155.82,-4830.0,0.0,-39.0,4
2021.11.04 13:07,closesell,0.1,155.31,-5510.0,0.0,-39.0,4
2021.11.08 14:00,closebuy,0.1,153.424,2000.0,-214.0,-38.0,4
2021.11.08 15:05,closebuy,0.1,153.597,-4490.0,0.0,-38.0,4
2021.11.09 05:39,closesell,0.1,152.986,-3260.0,0.0,-38.0,4
2021.11.10 15:14,closebuy,0.1,153.033,2000.0,0.0,-38.0,4
2021.11.15 15:11,closesell,0.1,153.035,3500.0,0.0,-38.0,5
2021.11.17 16:22,closesell,0.1,154.577,4440.0,0.0,-39.0,5
2021.11.19 11:01,closesell,0.1,153.864,-750.0,0.0,-38.0,4
2021.11.23 10:23,closesell,0.1,153.424,-4100.0,0.0,-38.0,4
2021.11.26 08:15,closebuy,0.1,152.421,10190.0,-1284.0,-38.0,5
2021.11.29 09:08,closebuy,0.1,151.194,2000.0,0.0,-38.0,4
2021.12.01 08:24,closebuy,0.1,151.361,-8790.0,0.0,-38.0,4
2021.12.03 10:58,closesell,0.1,150.448,2000.0,0.0,-38.0,4
2021.12.03 21:59,closebuy,0.1,149.033,10860.0,-214.0,-37.0,5
2021.12.06 13:53,closebuy,0.1,150.376,-7130.0,0.0,-38.0,4
2021.12.07 14:03,closesell,0.1,150.376,-3030.0,0.0,-38.0,4
2021.12.13 13:23,closesell,0.1,150.707,4560.0,0.0,-38.0,5
2021.12.15 18:44,closesell,0.1,150.319,-2270.0,0.0,-38.0,4
2021.12.16 17:04,closesell,0.1,151.422,-890.0,0.0,-38.0,4
2021.12.17 12:42,closesell,0.1,150.832,-3980.0,0.0,-38.0,4
2021.12.20 14:55,closebuy,0.1,150.047,820.0,0.0,-38.0,5
2021.12.29 17:40,closesell,0.1,154.934,7410.0,100.0,-39.0,5
2021.12.30 14:47,closesell,0.1,155.451,5220.0,0.0,-39.0,5
2021.12.31 16:55,closesell,0.1,155.692,4150.0,0.0,-39.0,5
2022.01.03 17:20,closesell,0.1,155.088,-4100.0,0.0,-39.0,4
2022.01.06 03:11,closesell,0.1,157.057,2000.0,300.0,-39.0,4
2022.01.10 13:28,closesell,0.1,156.755,-2410.0,0.0,-39.0,4
2022.01.10 16:45,closebuy,0.1,156.091,8240.0,-214.0,-39.0,5
2022.01.11 18:01,closebuy,0.1,157.184,-6260.0,0.0,-39.0,4
2022.01.12 21:39,closesell,0.1,156.829,-3700.0,0.0,-39.0,4
2022.01.14 14:22,closebuy,0.1,156.012,4300.0,0.0,-39.0,5
2022.01.18 11:16,closesell,0.1,156.092,-3130.0,0.0,-39.0,4
2022.01.19 11:07,closebuy,0.1,155.781,2000.0,0.0,-39.0,4
2022.01.24 10:14,closebuy,0.1,154.133,2000.0,0.0,-39.0,4
2022.01.27 13:38,closesell,0.1,154.236,2000.0,0.0,-39.0,4
2022.02.01 11:22,closesell,0.1,154.772,2000.0,0.0,-39.0,4
2022.02.02 16:33,closesell,0.1,155.058,2000.0,0.0,-39.0,4
2022.02.07 12:01,closesell,0.1,155.437,-6780.0,100.0,-39.0,4
2022.02.09 16:56,closesell,0.1,156.542,2000.0,0.0,-39.0,4
2022.02.11 20:33,closesell,0.1,157.457,2000.0,0.0,-39.0,4
2022.02.15 09:22,closebuy,0.1,156.138,2000.0,-214.0,-39.0,4
2022.02.16 17:41,closesell,0.1,156.899,4230.0,0.0,-39.0,5
2022.02.17 06:20,closesell,0.1,156.382,-520.0,0.0,-39.0,4
2022.02.18 10:12,closebuy,0.1,156.94,-1750.0,0.0,-39.0,4
2022.02.22 12:48,closebuy,0.1,155.735,2850.0,0.0,-39.0,5
2022.02.23 21:00,closesell,0.1,155.708,-4310.0,0.0,-39.0,4
2022.02.25 11:39,closebuy,0.1,154.396,2000.0,0.0,-39.0,4
2022.02.28 03:38,closesell,0.1,154.323,-2540.0,0.0,-39.0,4
2022.03.01 12:30,closesell,0.1,153.776,-3700.0,0.0,-38.0,4
2022.03.02 10:00,closebuy,0.1,153.101,2000.0,0.0,-38.0,4
2022.03.03 21:51,closesell,0.1,153.949,-8120.0,0.0,-38.0,4
2022.03.07 14:18,closebuy,0.1,151.948,2000.0,0.0,-38.0,4
2022.03.08 14:13,closebuy,0.1,151.859,-4360.0,0.0,-38.0,4
2022.03.10 22:23,closesell,0.1,151.928,-6490.0,0.0,-38.0,4
2022.03.11 07:44,closebuy,0.1,152.654,-3860.0,0.0,-38.0,4
2022.03.15 11:28,closesell,0.1,153.404,-4340.0,0.0,-38.0,4
2022.03.17 15:00,closesell,0.1,156.312,2000.0,0.0,-39.0,4
2022.03.22 03:02,closesell,0.1,157.531,9010.0,100.0,-39.0,5
2022.03.23 14:15,closesell,0.1,159.76,-7260.0,0.0,-40.0,4
2022.03.25 07:21,closesell,0.1,160.215,-8770.0,0.0,-40.0,4
2022.03.28 04:24,closebuy,0.1,161.673,-5300.0,0.0,-40.0,4
2022.03.29 17:01,closesell,0.1,160.444,-14740.0,0.0,-40.0,4
2022.03.30 05:20,closebuy,0.1,159.854,13760.0,0.0,-40.0,5
2022.03.31 11:01,closebuy,0.1,160.104,2000.0,0.0,-40.0,4
2022.04.04 20:16,closesell,0.1,160.759,2000.0,0.0,-40.0,4
2022.04.05 10:47,closesell,0.1,161.438,8160.0,0.0,-40.0,5
2022.04.07 10:07,closesell,0.1,162.184,3960.0,300.0,-41.0,5
2022.04.11 04:26,closesell,0.1,162.433,5380.0,100.0,-41.0,5
2022.04.13 09:00,closebuy,0.1,163.506,-2650.0,0.0,-41.0,4
2022.04.13 16:25,closesell,0.1,163.415,2000.0,100.0,-41.0,4
2022.04.19 03:19,closesell,0.1,165.446,10950.0,300.0,-41.0,5
2022.04.19 03:31,closesell,0.1,165.474,5370.0,100.0,-41.0,5
2022.04.20 06:28,closesell,0.1,167.097,-6380.0,0.0,-42.0,4
2022.04.22 08:05,closesell,0.1,166.742,-4070.0,0.0,-42.0,4
2022.04.22 09:37,closebuy,0.1,166.205,9180.0,-214.0,-42.0,5
2022.04.25 09:17,closebuy,0.1,164.007,12330.0,0.0,-41.0,5
2022.04.26 05:53,closebuy,0.1,163.005,2000.0,0.0,-41.0,4
2022.04.28 06:14,closebuy,0.1,162.341,-18100.0,-642.0,-41.0,4
2022.04.29 14:40,closesell,0.1,163.181,2000.0,0.0,-41.0,4
2022.05.02 20:05,closesell,0.1,162.62,-7320.0,0.0,-41.0,4
2022.05.04 21:56,closebuy,0.1,161.951,8650.0,-214.0,-40.0,5
2022.05.05 07:42,closesell,0.1,162.173,-5420.0,0.0,-41.0,4
2022.05.06 11:21,closebuy,0.1,161.092,2000.0,0.0,-40.0,4
2022.05.11 16:13,closebuy,0.1,160.949,2000.0,-214.0,-40.0,4
2022.05.16 01:12,closebuy,0.1,158.654,-18140.0,-214.0,-40.0,4
2022.05.18 16:21,closesell,0.1,159.691,-15020.0,0.0,-40.0,4
2022.05.20 11:03,closesell,0.1,159.362,2000.0,0.0,-40.0,4
2022.05.23 03:46,closebuy,0.1,160.234,-16390.0,-428.0,-40.0,4
2022.05.24 11:30,closesell,0.1,159.913,-7210.0,0.0,-40.0,4
2022.05.26 03:31,closebuy,0.1,160.497,-14270.0,-642.0,-40.0,4
2022.05.31 16:45,closesell,0.1,161.9,5470.0,0.0,-40.0,5
2022.06.01 16:38,closesell,0.1,162.379,-1560.0,0.0,-41.0,4
2022.06.02 19:34,closesell,0.1,163.2,9380.0,0.0,-41.0,5
2022.06.06 04:33,closesell,0.1,162.988,-4090.0,100.0,-41.0,4
2022.06.07 11:05,closesell,0.1,166.165,7500.0,0.0,-42.0,5
2022.06.09 08:46,closesell,0.1,167.455,-7300.0,0.0,-42.0,4
2022.06.13 11:15,closebuy,0.1,164.366,13700.0,0.0,-41.0,5
2022.06.14 17:16,closebuy,0.1,161.497,17410.0,0.0,-40.0,5
2022.06.15 08:38,closebuy,0.1,162.249,2000.0,0.0,-41.0,4
2022.06.16 10:15,closesell,0.1,162.654,-3970.0,0.0,-41.0,4
2022.06.17 17:50,closesell,0.1,164.727,1760.0,0.0,-41.0,5
2022.06.21 11:18,closesell,0.1,166.395,14300.0,100.0,-42.0,5
2022.06.22 10:12,closesell,0.1,166.024,-13070.0,0.0,-42.0,4
2022.06.27 10:27,closebuy,0.1,166.507,-10690.0,-214.0,-42.0,4
2022.06.27 10:28,closesell,0.1,166.533,8570.0,0.0,-42.0,5
2022.06.28 10:11,closesell,0.1,166.753,9390.0,0.0,-42.0,5
2022.07.04 06:26,closebuy,0.1,163.489,2000.0,0.0,-41.0,4
2022.07.05 10:43,closesell,0.1,164.331,-2870.0,0.0,-41.0,4
2022.07.06 14:45,closebuy,0.1,160.905,13850.0,0.0,-40.0,5
2022.07.08 10:43,closesell,0.1,162.141,-10240.0,0.0,-41.0,4
2022.07.12 04:11,closesell,0.1,162.979,-7750.0,100.0,-41.0,4
2022.07.13 09:35,closebuy,0.1,163.52,-7700.0,0.0,-41.0,4
2022.07.14 09:30,closesell,0.1,164.2,9990.0,0.0,-41.0,5
2022.07.18 12:11,closesell,0.1,165.222,10410.0,100.0,-41.0,5
2022.07.20 03:13,closesell,0.1,166.023,11070.0,100.0,-42.0,5
2022.07.22 10:37,closebuy,0.1,164.19,7410.0,0.0,-41.0,5
2022.07.25 14:08,closebuy,0.1,164.657,-10720.0,0.0,-41.0,4
2022.07.26 10:00,closesell,0.1,164.535,2000.0,0.0,-41.0,4
2022.07.28 04:20,closesell,0.1,164.824,-5890.0,0.0,-41.0,4
2022.07.29 06:54,closebuy,0.1,162.161,15610.0,0.0,-41.0,5
2022.08.01 04:13,closebuy,0.1,161.258,11700.0,0.0,-40.0,5
2022.08.02 17:50,closebuy,0.1,160.911,-1390.0,0.0,-40.0,4
2022.08.03 10:03,closesell,0.1,161.8,2000.0,0.0,-40.0,4
2022.08.04 10:47,closesell,0.1,163.295,8530.0,0.0,-41.0,5
2022.08.05 17:19,closebuy,0.1,163.015,-12790.0,0.0,-41.0,4
2022.08.10 15:30,closesell,0.1,162.42,-7170.0,200.0,-41.0,4
2022.08.15 00:10,closebuy,0.1,162.109,2000.0,-428.0,-41.0,4
2022.08.16 14:14,closebuy,0.1,161.504,-7600.0,0.0,-40.0,4
2022.08.18 03:34,closesell,0.1,162.434,-4630.0,300.0,-41.0,4
2022.08.18 14:18,closesell,0.1,162.797,2000.0,0.0,-41.0,4
2022.08.22 00:05,closebuy,0.1,162.075,2000.0,-214.0,-41.0,4
2022.08.30 17:11,closesell,0.1,161.556,-6240.0,0.0,-40.0,4
2022.09.01 00:06,closebuy,0.1,161.573,-1450.0,-642.0,-40.0,4
2022.09.02 16:26,closesell,0.1,162.113,930.0,0.0,-41.0,5
2022.09.05 12:06,closebuy,0.1,161.555,-3380.0,0.0,-40.0,4
2022.09.07 11:03,closesell,0.1,165.781,13910.0,0.0,-41.0,5
2022.09.08 10:50,closesell,0.1,165.045,-6970.0,0.0,-41.0,4
2022.09.12 07:45,closebuy,0.1,166.241,-7590.0,0.0,-42.0,4
2022.09.13 15:30,closesell,0.1,167.533,10650.0,0.0,-42.0,5
2022.09.14 04:11,closebuy,0.1,166.242,2000.0,0.0,-42.0,4
2022.09.16 01:10,closebuy,0.1,164.426,9380.0,-214.0,-41.0,5
2022.09.20 09:36,closesell,0.1,164.04,5690.0,0.0,-41.0,5
2022.09.20 10:06,closebuy,0.1,164.217,-8590.0,-214.0,-41.0,4
2022.09.22 09:59,closebuy,0.1,163.448,-7270.0,0.0,-41.0,4
2022.09.23 13:38,closebuy,0.1,157.99,24400.0,0.0,-39.0,5
2022.09.26 10:24,closebuy,0.1,154.028,-1200.0,0.0,-39.0,4
2022.09.28 04:45,closesell,0.1,154.183,-8830.0,0.0,-39.0,4
2022.09.28 09:06,closebuy,0.1,154.761,2000.0,-214.0,-39.0,4
2022.09.29 16:29,closesell,0.1,158.46,22430.0,0.0,-40.0,5
2022.09.30 11:38,closesell,0.1,162.15,15870.0,0.0,-41.0,5
2022.10.03 08:52,closesell,0.1,162.621,16210.0,0.0,-41.0,5
2022.10.04 10:07,closesell,0.1,164.788,13310.0,0.0,-41.0,5
2022.10.05 14:05,closesell,0.1,163.994,-10400.0,0.0,-41.0,4
2022.10.06 17:34,closebuy,0.1,162.397,14850.0,0.0,-41.0,5
2022.10.10 11:34,closebuy,0.1,160.518,15950.0,-214.0,-40.0,5
2022.10.11 09:11,closebuy,0.1,160.431,9310.0,-214.0,-40.0,5
2022.10.12 12:29,closebuy,0.1,161.836,-9280.0,0.0,-40.0,4
2022.10.13 14:31,closesell,0.1,164.323,16080.0,0.0,-41.0,5
2022.10.17 15:43,closesell,0.1,168.561,23650.0,100.0,-42.0,5
2022.10.20 15:16,closebuy,0.1,168.897,-7660.0,0.0,-42.0,4
2022.10.21 17:36,closesell,0.1,168.47,2000.0,0.0,-42.0,4
2022.10.21 17:53,closesell,0.1,167.115,-17890.0,500.0,-42.0,4
2022.10.24 01:03,closebuy,0.1,169.262,-11770.0,0.0,-42.0,4
2022.10.26 11:36,closesell,0.1,170.439,9980.0,0.0,-43.0,5
2022.10.27 08:03,closesell,0.1,169.417,-3880.0,0.0,-42.0,4
2022.10.28 12:00,closebuy,0.1,170.011,-6460.0,0.0,-43.0,4
2022.10.31 20:25,closesell,0.1,170.538,-8290.0,0.0,-43.0,4
2022.11.01 13:02,closebuy,0.1,169.817,10870.0,0.0,-42.0,5
2022.11.07 10:46,closebuy,0.1,167.562,-17350.0,-214.0,-42.0,4
2022.11.09 11:36,closesell,0.1,167.244,-13560.0,100.0,-42.0,4
2022.11.09 11:36,closebuy,0.1,167.259,9550.0,0.0,-42.0,5
2022.11.10 16:38,closebuy,0.1,165.346,12080.0,0.0,-41.0,5
2022.11.11 12:14,closebuy,0.1,163.817,19620.0,0.0,-41.0,5
2022.11.14 10:08,closebuy,0.1,164.512,2000.0,0.0,-41.0,4
2022.11.16 04:56,closesell,0.1,166.208,12100.0,0.0,-42.0,5
2022.11.18 10:56,closesell,0.1,166.86,11040.0,100.0,-42.0,5
2022.11.21 04:55,closesell,0.1,166.199,-3700.0,0.0,-42.0,4
2022.11.23 11:51,closesell,0.1,168.642,8420.0,100.0,-42.0,5
2022.11.24 09:05,closesell,0.1,167.635,-2210.0,0.0,-42.0,4
2022.11.25 03:05,closebuy,0.1,168.324,-2840.0,0.0,-42.0,4
2022.11.28 03:08,closesell,0.1,167.556,-3340.0,0.0,-42.0,4
2022.11.29 15:12,closebuy,0.1,166.246,2000.0,0.0,-42.0,4
2022.12.01 03:00,closesell,0.1,165.417,-4950.0,0.0,-41.0,4
2022.12.02 18:16,closebuy,0.1,165.639,-5770.0,0.0,-41.0,4
2022.12.05 07:54,closebuy,0.1,166.036,-7770.0,0.0,-42.0,4
2022.12.06 18:50,closesell,0.1,166.874,2000.0,0.0,-42.0,4
2022.12.09 03:14,closesell,0.1,166.827,2000.0,100.0,-42.0,4
2022.12.12 14:53,closesell,0.1,168.295,11110.0,0.0,-42.0,5
2022.12.13 14:19,closesell,0.1,168.866,2000.0,0.0,-42.0,4
2022.12.14 15:17,closebuy,0.1,166.732,8690.0,0.0,-42.0,5
2022.12.16 09:42,closesell,0.1,167.241,-8010.0,100.0,-42.0,4
2022.12.20 05:02,closebuy,0.1,165.418,8390.0,-214.0,-41.0,5
2022.12.21 15:11,closebuy,0.1,160.157,2000.0,0.0,-40.0,4
2022.12.23 13:01,closebuy,0.1,160.14,-7010.0,0.0,-40.0,4
2022.12.29 15:49,closesell,0.1,160.477,-8870.0,0.0,-40.0,4
2023.01.03 03:14,closebuy,0.1,156.89,9630.0,0.0,-39.0,5
2023.01.04 17:11,closebuy,0.1,158.298,-14320.0,0.0,-40.0,4
2023.01.06 05:31,closebuy,0.1,159.769,-7490.0,0.0,-40.0,4
2023.01.09 09:43,closesell,0.1,160.401,9750.0,0.0,-40.0,5
2023.01.09 11:44,closesell,0.1,161.199,19640.0,200.0,-40.0,5
2023.01.11 12:03,closesell,0.1,160.639,2000.0,100.0,-40.0,4
2023.01.12 01:12,closesell,0.1,160.423,-1150.0,0.0,-40.0,4
2023.01.17 04:32,closesell,0.1,157.205,7630.0,0.0,-39.0,5
2023.01.17 13:43,closebuy,0.1,157.735,-11120.0,-214.0,-39.0,4
2023.01.23 08:25,closesell,0.1,161.361,25190.0,200.0,-40.0,5
2023.01.23 18:01,closesell,0.1,161.643,11580.0,0.0,-40.0,5
2023.01.24 11:40,closesell,0.1,160.793,-5350.0,0.0,-40.0,4
2023.01.25 11:59,closebuy,0.1,159.8,8940.0,0.0,-40.0,5
2023.01.27 12:22,closesell,0.1,160.486,-6790.0,0.0,-40.0,4
2023.01.30 06:14,closebuy,0.1,160.379,8740.0,0.0,-40.0,5
2023.01.31 15:12,closesell,0.1,160.385,-5480.0,0.0,-40.0,4
2023.02.01 15:56,closebuy,0.1,159.622,7000.0,0.0,-40.0,5
2023.02.02 13:01,closebuy,0.1,158.724,7360.0,0.0,-40.0,5
2023.02.03 16:21,closebuy,0.1,158.052,-7980.0,0.0,-40.0,4
2023.02.07 10:11,closesell,0.1,158.549,-7220.0,0.0,-40.0,4
2023.02.09 07:47,closebuy,0.1,159.173,-9810.0,-642.0,-40.0,4
2023.02.10 09:24,closesell,0.1,158.486,-1100.0,0.0,-40.0,4
2023.02.13 10:11,closebuy,0.1,159.512,-8790.0,0.0,-40.0,4
2023.02.14 17:16,closesell,0.1,161.821,13090.0,0.0,-40.0,5
2023.02.15 15:30,closesell,0.1,160.701,-9060.0,0.0,-40.0,4
2023.02.16 21:55,closebuy,0.1,160.696,6760.0,0.0,-40.0,5
2023.02.17 13:15,closebuy,0.1,161.228,-3120.0,0.0,-40.0,4
2023.02.21 10:13,closesell,0.1,161.948,6260.0,100.0,-40.0,5
2023.02.23 18:03,closebuy,0.1,162.085,5000.0,0.0,-41.0,5
2023.02.23 18:07,closesell,0.1,162.054,-11130.0,300.0,-41.0,4
2023.02.24 11:10,closebuy,0.1,162.538,-5430.0,0.0,-41.0,4
2023.02.27 16:09,closesell,0.1,163.638,8940.0,0.0,-41.0,5
2023.02.28 18:58,closesell,0.1,164.626,-1420.0,0.0,-41.0,4
2023.03.01 13:25,closebuy,0.1,162.873,13850.0,0.0,-41.0,5
2023.03.08 18:43,closebuy,0.1,162.37,2000.0,0.0,-41.0,4
2023.03.09 10:21,closesell,0.1,161.919,-1920.0,0.0,-40.0,4
2023.03.15 12:40,closesell,0.1,162.606,-8010.0,0.0,-41.0,4
2023.03.16 10:49,closebuy,0.1,160.806,2000.0,0.0,-40.0,4
2023.03.20 09:50,closesell,0.1,159.705,-17390.0,100.0,-40.0,4
2023.03.20 09:56,closebuy,0.1,159.675,12200.0,0.0,-40.0,5
2023.03.21 17:25,closesell,0.1,161.207,2000.0,0.0,-40.0,4
2023.03.22 16:37,closesell,0.1,162.492,460.0,0.0,-41.0,5
2023.03.23 21:48,closebuy,0.1,160.241,10730.0,0.0,-40.0,5
2023.03.24 19:53,closebuy,0.1,159.845,920.0,0.0,-40.0,5
2023.03.27 12:35,closebuy,0.1,161.053,-10030.0,0.0,-40.0,4
2023.03.29 09:00,closesell,0.1,162.504,12850.0,100.0,-41.0,5
2023.03.30 14:15,closesell,0.1,163.372,2000.0,0.0,-41.0,4
2023.03.31 11:04,closesell,0.1,164.288,-3100.0,0.0,-41.0,4
2023.04.03 09:09,closebuy,0.1,164.034,2000.0,0.0,-41.0,4
2023.04.05 11:23,closesell,0.1,163.731,-7890.0,0.0,-41.0,4
2023.04.07 22:23,closebuy,0.1,164.298,-8220.0,-214.0,-41.0,4
2023.04.10 01:00,closesell,0.1,163.92,2000.0,100.0,-41.0,4
2023.04.12 15:30,closesell,0.1,165.703,-3860.0,0.0,-41.0,4
2023.04.18 15:43,closesell,0.1,166.818,2990.0,0.0,-42.0,5
2023.04.21 02:30,closesell,0.1,166.707,-5680.0,100.0,-42.0,4
2023.04.25 12:58,closesell,0.1,166.893,-5700.0,0.0,-42.0,4
2023.04.27 10:38,closesell,0.1,166.578,2000.0,0.0,-42.0,4
2023.04.27 17:02,closebuy,0.1,167.159,-11210.0,-642.0,-42.0,4
2023.04.28 07:00,closesell,0.1,166.674,-3860.0,0.0,-42.0,4
2023.05.02 11:01,closesell,0.1,171.676,2000.0,100.0,-43.0,4
2023.05.03 15:34,closebuy,0.1,169.357,8700.0,0.0,-42.0,5
2023.05.04 16:44,closebuy,0.1,168.826,5340.0,0.0,-42.0,5
2023.05.09 10:38,closesell,0.1,170.005,-5300.0,100.0,-43.0,4
2023.05.10 15:30,closesell,0.1,170.199,-3800.0,0.0,-43.0,4
2023.05.11 14:46,closebuy,0.1,168.761,6980.0,0.0,-42.0,5
2023.05.15 06:12,closebuy,0.1,169.402,-9300.0,-214.0,-42.0,4
2023.05.17 16:23,closesell,0.1,171.168,9590.0,100.0,-43.0,5
2023.05.19 03:13,closesell,0.1,171.668,2000.0,100.0,-43.0,4
2023.05.19 09:00,closesell,0.1,171.473,-3100.0,0.0,-43.0,4
2023.05.22 15:36,closebuy,0.1,172.398,-5640.0,0.0,-43.0,4
2023.05.23 11:15,closesell,0.1,171.512,-6800.0,0.0,-43.0,4
2023.05.24 09:43,closebuy,0.1,172.676,-4950.0,0.0,-43.0,4
2023.05.25 15:17,closesell,0.1,172.254,2000.0,0.0,-43.0,4
2023.05.30 13:21,closesell,0.1,174.161,6570.0,100.0,-44.0,5
2023.06.05 14:00,closesell,0.1,173.761,-2140.0,0.0,-43.0,4
2023.06.06 12:07,closebuy,0.1,172.814,8840.0,0.0,-43.0,5
2023.06.08 12:50,closesell,0.1,174.174,2000.0,0.0,-44.0,4
2023.06.12 18:10,closesell,0.1,174.545,-5760.0,0.0,-44.0,4
2023.06.13 14:14,closebuy,0.1,175.499,-6820.0,0.0,-44.0,4
2023.06.15 03:57,closesell,0.1,177.642,9860.0,300.0,-44.0,5
2023.06.16 06:28,closesell,0.1,179.192,2000.0,0.0,-45.0,4
2023.06.20 14:52,closesell,0.1,180.298,-13600.0,100.0,-45.0,4
2023.06.21 09:01,closebuy,0.1,181.562,-9850.0,0.0,-45.0,4
2023.06.22 14:00,closesell,0.1,181.851,10040.0,0.0,-45.0,5
2023.06.26 00:05,closesell,0.1,182.31,2000.0,100.0,-46.0,4
2023.06.28 14:46,closesell,0.1,182.672,-6860.0,0.0,-46.0,4
2023.06.30 16:27,closebuy,0.1,183.393,-7440.0,-214.0,-46.0,4
2023.07.04 16:47,closesell,0.1,183.526,2000.0,100.0,-46.0,4
2023.07.04 16:47,closesell,0.1,183.545,2000.0,0.0,-46.0,4
2023.07.10 14:45,closebuy,0.1,181.767,8720.0,0.0,-45.0,5
2023.07.11 09:04,closebuy,0.1,181.706,2000.0,0.0,-45.0,4
2023.07.13 12:40,closebuy,0.1,181.028,-9790.0,0.0,-45.0,4
2023.07.14 15:58,closesell,0.1,182.028,11570.0,0.0,-46.0,5
2023.07.17 18:41,closesell,0.1,181.747,2000.0,0.0,-45.0,4
2023.07.19 12:23,closebuy,0.1,181.052,2000.0,0.0,-45.0,4
2023.07.21 09:00,closebuy,0.1,180.715,-3200.0,0.0,-45.0,4
2023.07.24 16:46,closesell,0.1,180.752,-12470.0,0.0,-45.0,4
2023.07.26 10:02,closesell,0.1,181.292,-410.0,0.0,-45.0,4
2023.07.26 13:30,closebuy,0.1,181.329,2000.0,-214.0,-45.0,4
2023.07.28 07:13,closebuy,0.1,176.584,34860.0,0.0,-44.0,5
2023.08.01 07:38,closesell,0.1,183.121,5030.0,100.0,-46.0,5
2023.08.02 07:49,closesell,0.1,182.666,-790.0,0.0,-46.0,4
2023.08.03 10:39,closebuy,0.1,181.549,8860.0,0.0,-45.0,5
2023.08.07 06:58,closebuy,0.1,181.116,2000.0,-214.0,-45.0,4
2023.08.07 15:46,closebuy,0.1,181.438,-4530.0,0.0,-45.0,4
2023.08.08 12:59,closesell,0.1,182.104,-3070.0,0.0,-46.0,4
2023.08.10 09:06,closesell,0.1,183.357,8470.0,300.0,-46.0,5
2023.08.14 09:03,closesell,0.1,183.495,-2480.0,0.0,-46.0,4
2023.08.16 05:04,closesell,0.1,184.711,-1960.0,100.0,-46.0,4
2023.08.17 21:47,closesell,0.1,186.11,2000.0,0.0,-47.0,4
2023.08.21 13:10,closebuy,0.1,185.822,-4880.0,0.0,-46.0,4
2023.08.23 04:00,closesell,0.1,185.433,-8580.0,100.0,-46.0,4
2023.08.25 14:03,closebuy,0.1,184.076,2000.0,-214.0,-46.0,4
2023.08.25 22:23,closebuy,0.1,184.413,-5630.0,0.0,-46.0,4
2023.08.28 16:45,closesell,0.1,184.584,2760.0,0.0,-46.0,5
2023.08.29 17:30,closesell,0.1,184.611,-1280.0,0.0,-46.0,4
2023.08.31 14:15,closesell,0.1,184.858,-7420.0,0.0,-46.0,4
2023.09.01 15:30,closebuy,0.1,183.692,7290.0,0.0,-46.0,5
2023.09.05 11:06,closesell,0.1,184.387,-4960.0,0.0,-46.0,4
2023.09.06 16:31,closesell,0.1,184.523,-8520.0,0.0,-46.0,4
2023.09.11 00:26,closesell,0.1,183.324,-2420.0,0.0,-46.0,4
2023.09.11 01:00,closebuy,0.1,183.123,6900.0,-214.0,-46.0,5
2023.09.13 15:48,closesell,0.1,184.126,5330.0,0.0,-46.0,5
2023.09.14 15:22,closesell,0.1,183.452,-4630.0,0.0,-46.0,4
2023.09.15 11:44,closebuy,0.1,183.868,-7620.0,0.0,-46.0,4
2023.09.20 09:49,closesell,0.1,182.782,-120.0,0.0,-46.0,4
2023.09.22 13:49,closebuy,0.1,181.553,2000.0,0.0,-45.0,4
2023.09.26 09:11,closesell,0.1,181.481,-600.0,0.0,-45.0,4
2023.09.27 17:25,closebuy,0.1,181.46,-2760.0,0.0,-45.0,4
2023.09.28 09:53,closesell,0.1,181.085,-1660.0,0.0,-45.0,4
2023.09.29 12:46,closesell,0.1,182.728,5170.0,0.0,-46.0,5
2023.10.02 11:19,closesell,0.1,182.444,2000.0,0.0,-46.0,4
2023.10.03 14:32,closebuy,0.1,180.961,2000.0,0.0,-45.0,4
2023.10.05 15:36,closesell,0.1,180.689,2000.0,0.0,-45.0,4
2023.10.06 10:31,closebuy,0.1,181.524,-12230.0,-856.0,-45.0,4
2023.10.09 17:41,closesell,0.1,181.298,-7600.0,0.0,-45.0,4
2023.10.11 15:43,closesell,0.1,183.145,5220.0,0.0,-46.0,5
2023.10.12 16:43,closesell,0.1,182.885,-6240.0,0.0,-46.0,4
2023.10.13 17:12,closebuy,0.1,181.871,7950.0,0.0,-45.0,5
2023.10.16 20:04,closebuy,0.1,182.573,-6940.0,0.0,-46.0,4
2023.10.17 13:13,closesell,0.1,181.641,-7490.0,0.0,-45.0,4
2023.10.19 15:30,closebuy,0.1,181.827,-960.0,0.0,-45.0,4
2023.10.24 15:49,closesell,0.1,182.77,-5420.0,0.0,-46.0,4
2023.10.25 20:45,closebuy,0.1,181.638,4200.0,0.0,-45.0,5
2023.10.27 20:05,closesell,0.1,181.418,-6790.0,0.0,-45.0,4
2023.10.31 06:27,closebuy,0.1,181.884,-5560.0,-214.0,-45.0,4
2023.11.02 10:58,closebuy,0.1,182.803,7240.0,0.0,-46.0,5
2023.11.06 09:02,closesell,0.1,185.338,15600.0,500.0,-46.0,5
2023.11.08 11:34,closesell,0.1,184.596,-5380.0,100.0,-46.0,4
2023.11.10 14:07,closesell,0.1,184.811,-5470.0,100.0,-46.0,4
2023.11.16 18:33,closesell,0.1,186.884,-9770.0,300.0,-47.0,4
2023.11.20 11:05,closebuy,0.1,185.483,10590.0,0.0,-46.0,5
2023.11.21 20:32,closebuy,0.1,185.773,-6360.0,0.0,-46.0,4
2023.11.23 11:30,closesell,0.1,187.353,7600.0,0.0,-47.0,5
2023.11.24 13:45,closesell,0.1,187.959,7920.0,0.0,-47.0,5
2023.11.28 02:02,closesell,0.1,187.365,-6920.0,100.0,-47.0,4
2023.11.29 07:20,closebuy,0.1,186.875,3440.0,0.0,-47.0,5
2023.12.01 11:09,closesell,0.1,187.06,2000.0,0.0,-47.0,4
2023.12.05 09:45,closebuy,0.1,185.198,8520.0,0.0,-46.0,5
2023.12.07 00:27,closebuy,0.1,184.865,7050.0,-642.0,-46.0,5
2023.12.08 05:33,closebuy,0.1,181.222,2000.0,0.0,-45.0,4
2023.12.13 15:56,closesell,0.1,182.16,-12630.0,100.0,-46.0,4
2023.12.13 15:58,closebuy,0.1,182.138,8020.0,0.0,-46.0,5
2023.12.14 12:33,closebuy,0.1,179.254,2340.0,0.0,-45.0,5
2023.12.15 17:14,closesell,0.1,179.929,-10870.0,0.0,-45.0,4
2023.12.19 04:49,closebuy,0.1,181.353,-8340.0,-214.0,-45.0,4
2023.12.19 04:49,closesell,0.1,181.229,9240.0,0.0,-45.0,5
2023.12.21 00:11,closesell,0.1,180.976,-19360.0,300.0,-45.0,4
2023.12.22 18:35,closebuy,0.1,181.213,-7460.0,0.0,-45.0,4
2023.12.27 02:06,closesell,0.1,181.43,7890.0,100.0,-45.0,5
2023.12.28 02:06,closesell,0.1,180.888,-4500.0,0.0,-45.0,4
2024.01.02 03:33,closebuy,0.1,179.961,2000.0,-428.0,-45.0,4
2024.01.02 09:21,closebuy,0.1,180.278,-4720.0,0.0,-45.0,4
2024.01.04 11:06,closesell,0.1,182.492,14020.0,0.0,-46.0,5
2024.01.05 15:30,closesell,0.1,183.64,2000.0,0.0,-46.0,4
2024.01.08 08:24,closesell,0.1,183.303,-4840.0,0.0,-46.0,4
2024.01.11 16:50,closesell,0.1,185.619,2000.0,0.0,-46.0,4
2024.01.15 09:07,closebuy,0.1,185.429,-5050.0,0.0,-46.0,4
2024.01.16 18:00,closesell,0.1,185.971,7760.0,0.0,-46.0,5
2024.01.19 07:31,closesell,0.1,188.688,10680.0,100.0,-47.0,5
2024.01.25 20:49,closebuy,0.1,187.734,2000.0,0.0,-47.0,4
2024.01.29 17:09,closesell,0.1,187.47,-4990.0,0.0,-47.0,4
2024.01.30 18:00,closebuy,0.1,187.291,-1760.0,0.0,-47.0,4
2024.02.01 14:47,closebuy,0.1,186.586,-4310.0,0.0,-47.0,4
2024.02.05 13:34,closesell,0.1,186.641,-5890.0,0.0,-47.0,4
2024.02.07 15:02,closebuy,0.1,187.258,-7020.0,-214.0,-47.0,4
2024.02.09 19:15,closesell,0.1,188.547,2000.0,0.0,-47.0,4
2024.02.14 10:12,closesell,0.1,188.836,-7340.0,0.0,-47.0,4
2024.02.15 17:24,closebuy,0.1,188.724,-120.0,0.0,-47.0,4
2024.02.20 13:02,closesell,0.1,189.243,2000.0,100.0,-47.0,4
2024.02.21 16:36,closesell,0.1,189.406,2000.0,0.0,-47.0,4
2024.02.22 16:01,closesell,0.1,190.101,-390.0,0.0,-48.0,4
2024.02.26 02:53,closesell,0.1,190.395,-3090.0,100.0,-48.0,4
2024.02.27 10:54,closesell,0.1,190.554,-3400.0,0.0,-48.0,4
2024.03.01 10:35,closebuy,0.1,190.37,-8330.0,0.0,-48.0,4
2024.03.04 09:40,closesell,0.1,190.523,6740.0,0.0,-48.0,5
2024.03.05 18:43,closesell,0.1,190.89,2000.0,0.0,-48.0,4
2024.03.06 14:47,closebuy,0.1,190.276,2820.0,0.0,-48.0,5
2024.03.08 06:27,closebuy,0.1,189.422,2000.0,0.0,-47.0,4
2024.03.12 05:46,closebuy,0.1,188.952,-5470.0,0.0,-47.0,4
2024.03.13 10:06,closesell,0.1,188.846,2000.0,0.0,-47.0,4
2024.03.14 17:45,closesell,0.1,188.92,2000.0,0.0,-47.0,4
2024.03.19 06:35,closesell,0.1,190.374,6240.0,100.0,-48.0,5
2024.03.21 11:55,closesell,0.1,192.982,2000.0,0.0,-48.0,4
2024.03.22 09:30,closebuy,0.1,191.323,8570.0,0.0,-48.0,5
2024.03.27 13:22,closesell,0.1,190.718,-5480.0,100.0,-48.0,4
2024.04.02 12:57,closebuy,0.1,190.663,2000.0,-1712.0,-48.0,4
2024.04.03 16:40,closebuy,0.1,191.057,-4500.0,-214.0,-48.0,4
2024.04.04 21:55,closesell,0.1,191.331,-5490.0,0.0,-48.0,4
2024.04.05 16:13,closebuy,0.1,190.805,3800.0,0.0,-48.0,5
2024.04.10 08:15,closesell,0.1,192.468,2630.0,100.0,-48.0,5
2024.04.12 09:46,closesell,0.1,191.781,-2890.0,0.0,-48.0,4
2024.04.15 10:58,closebuy,0.1,191.998,-11210.0,0.0,-48.0,4
2024.04.16 10:52,closesell,0.1,191.968,2000.0,0.0,-48.0,4
2024.04.17 11:41,closesell,0.1,192.816,7060.0,0.0,-48.0,5
2024.04.22 11:01,closebuy,0.1,191.334,2000.0,0.0,-48.0,4
2024.04.24 20:42,closesell,0.1,193.445,8340.0,0.0,-48.0,5
2024.04.25 16:12,closesell,0.1,193.83,-950.0,0.0,-48.0,4
2024.04.26 09:38,closesell,0.1,195.4,9580.0,0.0,-49.0,5
2024.04.29 07:16,closesell,0.1,197.356,-8850.0,0.0,-49.0,4
2024.05.01 23:11,closesell,0.1,196.317,-4650.0,0.0,-49.0,4
2024.05.01 23:37,closebuy,0.1,193.146,31680.0,-214.0,-48.0,5
2024.05.06 00:05,closebuy,0.1,192.079,2000.0,-214.0,-48.0,4
2024.05.07 11:04,closesell,0.1,193.049,-5470.0,0.0,-48.0,4
2024.05.09 13:09,closesell,0.1,194.809,6880.0,0.0,-49.0,5
2024.05.10 09:00,closesell,0.1,195.092,5950.0,0.0,-49.0,5
2024.05.13 12:00,closebuy,0.1,195.375,2000.0,-1926.0,-49.0,4
2024.05.14 16:06,closesell,0.1,196.73,7390.0,0.0,-49.0,5
2024.05.15 15:06,closesell,0.1,196.093,-5880.0,0.0,-49.0,4
2024.05.16 11:28,closebuy,0.1,196.191,-1850.0,0.0,-49.0,4
2024.05.20 15:36,closesell,0.1,198.175,5010.0,0.0,-50.0,5
2024.05.22 09:00,closesell,0.1,199.004,4730.0,100.0,-50.0,5
2024.05.23 11:39,closesell,0.1,199.434,2000.0,0.0,-50.0,4
2024.05.27 17:36,closesell,0.1,200.309,6530.0,0.0,-50.0,5
2024.05.29 16:05,closesell,0.1,200.253,-760.0,0.0,-50.0,4
2024.05.31 04:00,closebuy,0.1,199.564,2000.0,0.0,-50.0,4
2024.06.03 11:42,closesell,0.1,199.57,-6270.0,0.0,-50.0,4
2024.06.04 09:37,closebuy,0.1,199.756,2000.0,0.0,-50.0,4
2024.06.05 10:44,closebuy,0.1,199.523,-15010.0,0.0,-50.0,4
2024.06.06 12:39,closesell,0.1,199.476,2000.0,0.0,-50.0,4
2024.06.07 09:12,closebuy,0.1,198.584,7290.0,0.0,-50.0,5
2024.06.10 21:54,closesell,0.1,200.02,5560.0,0.0,-50.0,5
2024.06.11 11:29,closesell,0.1,200.315,3190.0,0.0,-50.0,5
2024.06.12 16:57,closesell,0.1,200.02,-2230.0,0.0,-50.0,4
2024.06.13 16:33,closesell,0.1,201.021,3440.0,0.0,-50.0,5
2024.06.17 09:46,closebuy,0.1,199.592,2000.0,0.0,-50.0,4
2024.06.18 14:49,closesell,0.1,200.257,2000.0,0.0,-50.0,4
2024.06.20 17:43,closesell,0.1,201.328,3650.0,0.0,-50.0,5
2024.06.21 10:30,closesell,0.1,200.824,-2250.0,0.0,-50.0,4
2024.06.24 17:37,closesell,0.1,202.559,8010.0,0.0,-51.0,5
2024.06.26 00:04,closesell,0.1,202.412,2000.0,100.0,-51.0,4
2024.06.27 04:52,closesell,0.1,202.503,-940.0,0.0,-51.0,4
2024.06.28 16:21,closesell,0.1,202.762,-4010.0,0.0,-51.0,4
2024.07.03 02:22,closesell,0.1,204.893,8550.0,100.0,-51.0,5
2024.07.05 18:19,closesell,0.1,205.86,2000.0,100.0,-51.0,4
2024.07.08 15:13,closesell,0.1,206.66,9060.0,0.0,-52.0,5
2024.07.10 00:04,closesell,0.1,206.121,2000.0,100.0,-52.0,4
2024.07.12 03:30,closebuy,0.1,205.258,2000.0,0.0,-51.0,4
2024.07.17 08:55,closesell,0.1,204.841,-4590.0,0.0,-51.0,4
2024.07.19 08:35,closebuy,0.1,204.133,-9580.0,-214.0,-51.0,4
2024.07.24 06:03,closebuy,0.1,199.97,11550.0,0.0,-50.0,5
2024.07.25 15:41,closebuy,0.1,197.179,3840.0,0.0,-49.0,5
2024.07.26 14:17,closebuy,0.1,199.119,-10480.0,0.0,-50.0,4
2024.07.30 09:15,closesell,0.1,198.87,10010.0,0.0,-50.0,5
2024.07.31 06:56,closebuy,0.1,194.811,15520.0,0.0,-49.0,5
2024.08.01 14:39,closebuy,0.1,192.44,2000.0,0.0,-48.0,4
2024.08.02 15:30,closebuy,0.1,189.157,7940.0,0.0,-47.0,5
2024.08.06 17:05,closebuy,0.1,183.839,2000.0,0.0,-46.0,4
2024.08.07 04:42,closebuy,0.1,185.895,-18310.0,0.0,-46.0,4
2024.08.09 15:36,closesell,0.1,186.47,2000.0,100.0,-47.0,4
2024.08.12 09:30,closebuy,0.1,188.175,-8040.0,0.0,-47.0,4
2024.08.12 16:10,closesell,0.1,188.863,12490.0,100.0,-47.0,5
2024.08.13 09:20,closesell,0.1,189.205,13500.0,0.0,-47.0,5
2024.08.15 15:30,closesell,0.1,189.708,11400.0,300.0,-47.0,5
2024.08.19 06:19,closebuy,0.1,190.278,10400.0,0.0,-48.0,5
2024.08.19 06:36,closesell,0.1,190.045,-14790.0,100.0,-48.0,4
2024.08.21 10:49,closebuy,0.1,190.218,2000.0,-214.0,-48.0,4
2024.08.21 13:55,closebuy,0.1,190.596,-9950.0,0.0,-48.0,4
2024.08.22 13:47,closesell,0.1,191.428,17380.0,0.0,-48.0,5
2024.08.26 01:43,closesell,0.1,190.094,-10910.0,100.0,-48.0,4
2024.08.28 12:08,closesell,0.1,190.813,2000.0,0.0,-48.0,4
2024.08.30 14:48,closesell,0.1,191.557,7940.0,0.0,-48.0,5
2024.09.02 11:01,closesell,0.1,192.474,7380.0,0.0,-48.0,5
2024.09.03 08:21,closesell,0.1,191.907,-9860.0,0.0,-48.0,4
2024.09.04 11:30,closebuy,0.1,190.573,2000.0,0.0,-48.0,4
2024.09.05 09:21,closebuy,0.1,188.319,8200.0,0.0,-47.0,5
2024.09.06 08:09,closesell,0.1,188.149,-6320.0,0.0,-47.0,4
2024.09.09 19:53,closebuy,0.1,187.173,2000.0,0.0,-47.0,4
2024.09.10 05:26,closesell,0.1,187.069,2000.0,0.0,-47.0,4
2024.09.11 14:20,closebuy,0.1,185.61,-1400.0,0.0,-46.0,4
2024.09.13 05:17,closesell,0.1,185.349,-5900.0,0.0,-46.0,4
2024.09.16 09:43,closebuy,0.1,184.133,14010.0,-428.0,-46.0,5
2024.09.16 09:43,closebuy,0.1,184.093,9270.0,0.0,-46.0,5
2024.09.17 16:48,closesell,0.1,186.655,10490.0,0.0,-47.0,5
2024.09.18 07:51,closesell,0.1,185.979,-7670.0,0.0,-46.0,4
2024.09.19 10:15,closesell,0.1,188.267,-2390.0,0.0,-47.0,4
2024.09.20 10:01,closesell,0.1,190.748,13600.0,0.0,-48.0,5
2024.09.23 10:42,closesell,0.1,190.537,-11780.0,0.0,-48.0,4
2024.09.25 15:24,closesell,0.1,193.172,11410.0,0.0,-48.0,5
2024.09.26 10:09,closesell,0.1,193.489,9040.0,0.0,-48.0,5
2024.09.30 10:55,closebuy,0.1,190.688,2000.0,0.0,-48.0,4
2024.10.01 11:52,closesell,0.1,191.591,-7450.0,0.0,-48.0,4
2024.10.02 15:17,closebuy,0.1,192.774,-17420.0,0.0,-48.0,4
2024.10.04 07:17,closesell,0.1,191.953,-18590.0,100.0,-48.0,4
2024.10.04 10:57,closebuy,0.1,192.606,2000.0,0.0,-48.0,4
2024.10.08 05:35,closesell,0.1,193.079,-16870.0,100.0,-48.0,4
2024.10.09 15:21,closesell,0.1,194.746,7980.0,0.0,-49.0,5
2024.10.10 15:30,closesell,0.1,194.071,-7330.0,0.0,-49.0,4
2024.10.11 17:25,closebuy,0.1,195.138,-7740.0,0.0,-49.0,4
2024.10.14 16:49,closesell,0.1,195.457,7660.0,0.0,-49.0,5
2024.10.15 09:18,closesell,0.1,194.883,-3990.0,0.0,-49.0,4
2024.10.16 09:00,closebuy,0.1,194.568,5470.0,0.0,-49.0,5
2024.10.17 18:30,closebuy,0.1,195.187,-7340.0,0.0,-49.0,4
2024.10.18 13:10,closesell,0.1,195.334,2000.0,0.0,-49.0,4
2024.10.22 16:25,closesell,0.1,195.319,-4920.0,0.0,-49.0,4
2024.10.28 03:24,closesell,0.1,198.608,13520.0,200.0,-50.0,5
2024.10.29 14:59,closesell,0.1,199.524,10220.0,0.0,-50.0,5
2024.10.30 13:35,closesell,0.1,198.516,-7750.0,0.0,-50.0,4
2024.10.31 15:10,closebuy,0.1,198.101,1670.0,0.0,-50.0,5
2024.11.01 17:05,closebuy,0.1,198.035,-16790.0,0.0,-50.0,4
2024.11.05 14:47,closebuy,0.1,197.8,-5750.0,0.0,-49.0,4
2024.11.06 04:35,closesell,0.1,198.748,14230.0,200.0,-50.0,5
2024.11.07 06:19,closesell,0.1,199.075,2000.0,0.0,-50.0,4
2024.11.08 06:00,closebuy,0.1,198.078,7760.0,0.0,-50.0,5
2024.11.12 07:32,closesell,0.1,197.015,-6420.0,0.0,-49.0,4
2024.11.13 17:51,closebuy,0.1,197.119,2000.0,0.0,-49.0,4
2024.11.13 17:57,closebuy,0.1,197.201,2000.0,-428.0,-49.0,4
2024.11.14 13:00,closesell,0.1,197.196,-4200.0,0.0,-49.0,4
2024.11.15 09:25,closesell,0.1,197.661,-3730.0,0.0,-49.0,4
2024.11.19 10:36,closesell,0.1,194.928,-8760.0,0.0,-49.0,4
2024.11.19 18:06,closebuy,0.1,195.27,2000.0,-214.0,-49.0,4
2024.11.21 08:13,closesell,0.1,195.755,-7090.0,0.0,-49.0,4
2024.11.22 11:09,closebuy,0.1,193.709,9620.0,0.0,-48.0,5
2024.11.25 06:11,closebuy,0.1,193.987,2000.0,0.0,-48.0,4
2024.11.26 09:15,closebuy,0.1,193.438,-1440.0,0.0,-48.0,4
2024.11.27 17:12,closebuy,0.1,191.721,-190.0,0.0,-48.0,4
2024.11.28 13:19,closebuy,0.1,192.456,-9130.0,0.0,-48.0,4
2024.11.29 02:09,closesell,0.1,191.562,-4460.0,0.0,-48.0,4
2024.12.02 16:43,closebuy,0.1,189.74,9580.0,0.0,-47.0,5
2024.12.03 19:22,closebuy,0.1,189.356,2000.0,0.0,-47.0,4
2024.12.04 09:14,closesell,0.1,190.598,11770.0,0.0,-48.0,5
2024.12.05 16:30,closesell,0.1,192.1,11670.0,0.0,-48.0,5
2024.12.10 18:49,closesell,0.1,193.917,11710.0,0.0,-48.0,5
2024.12.11 09:38,closesell,0.1,192.979,-7530.0,0.0,-48.0,4
2024.12.12 12:34,closesell,0.1,194.363,2000.0,0.0,-49.0,4
2024.12.13 11:15,closebuy,0.1,193.592,2000.0,0.0,-48.0,4
2024.12.16 11:35,closesell,0.1,194.653,7030.0,0.0,-49.0,5
2024.12.18 15:07,closebuy,0.1,195.733,-4110.0,0.0,-49.0,4
2024.12.18 22:14,closesell,0.1,194.198,-10700.0,100.0,-49.0,4
2024.12.19 05:19,closebuy,0.1,195.603,-2680.0,0.0,-49.0,4
2024.12.24 14:47,closesell,0.1,197.243,5720.0,0.0,-49.0,5
2024.12.24 17:54,closesell,0.1,197.084,2000.0,200.0,-49.0,4
2024.12.27 04:16,closesell,0.1,197.264,-3220.0,0.0,-49.0,4
2024.12.30 15:59,closesell,0.1,197.669,-6990.0,0.0,-49.0,4
2025.01.02 01:57,closebuy,0.1,197.386,-8050.0,-856.0,-49.0,4
2025.01.06 10:13,closebuy,0.1,196.517,-14710.0,-214.0,-49.0,4
2025.01.07 11:38,closesell,0.1,198.118,5720.0,0.0,-50.0,5
2025.01.10 13:27,closebuy,0.1,194.446,2000.0,0.0,-49.0,4
2025.01.13 18:30,closebuy,0.1,191.733,-810.0,0.0,-48.0,4
2025.01.15 07:37,closesell,0.1,191.96,-6670.0,0.0,-48.0,4
2025.01.16 08:58,closebuy,0.1,190.707,2020.0,0.0,-48.0,5
2025.01.17 11:27,closebuy,0.1,189.958,2000.0,0.0,-47.0,4
2025.01.22 12:06,closesell,0.1,192.599,11680.0,100.0,-48.0,5
2025.01.24 04:13,closesell,0.1,193.282,6940.0,100.0,-48.0,5
2025.01.27 11:09,closesell,0.1,192.916,-13350.0,0.0,-48.0,4
2025.01.29 15:11,closesell,0.1,192.791,-5430.0,0.0,-48.0,4
2025.01.30 12:51,closebuy,0.1,191.959,11290.0,-856.0,-48.0,5
2025.01.31 18:30,closebuy,0.1,192.603,-8490.0,0.0,-48.0,4
2025.02.03 02:13,closesell,0.1,191.293,-710.0,0.0,-48.0,4
2025.02.05 02:38,closesell,0.1,192.113,2000.0,100.0,-48.0,4
2025.02.07 18:40,closebuy,0.1,187.264,12320.0,0.0,-47.0,5
2025.02.11 11:09,closebuy,0.1,187.959,2000.0,-214.0,-47.0,4
2025.02.11 16:21,closesell,0.1,189.006,12630.0,0.0,-47.0,5
2025.02.13 15:50,closesell,0.1,191.328,-10130.0,0.0,-48.0,4
2025.02.18 09:58,closebuy,0.1,191.789,-5090.0,0.0,-48.0,4
2025.02.19 05:14,closesell,0.1,191.626,2000.0,0.0,-48.0,4
2025.02.21 04:28,closebuy,0.1,190.527,-8640.0,0.0,-48.0,4
2025.02.24 18:10,closebuy,0.1,188.803,2000.0,0.0,-47.0,4
2025.02.25 09:50,closesell,0.1,188.338,-6550.0,0.0,-47.0,4
2025.02.27 10:51,closesell,0.1,189.756,9160.0,0.0,-47.0,5
2025.03.03 12:38,closesell,0.1,190.587,11200.0,0.0,-48.0,5
2025.03.06 09:19,closesell,0.1,191.598,2000.0,300.0,-48.0,4
2025.03.06 10:05,closesell,0.1,191.23,-6740.0,0.0,-48.0,4
2025.03.07 09:11,closebuy,0.1,190.502,2000.0,0.0,-48.0,4
2025.03.10 11:04,closesell,0.1,190.135,-4820.0,0.0,-48.0,4
2025.03.11 11:32,closebuy,0.1,190.306,-7350.0,0.0,-48.0,4
2025.03.12 19:06,closesell,0.1,192.427,3870.0,0.0,-48.0,5
2025.03.13 09:21,closesell,0.1,191.188,-8620.0,0.0,-48.0,4
2025.03.14 08:04,closebuy,0.1,192.268,-7090.0,0.0,-48.0,4
2025.03.17 15:36,closesell,0.1,192.909,9180.0,0.0,-48.0,5
2025.03.18 16:44,closesell,0.1,193.943,-2960.0,0.0,-48.0,4
2025.03.20 17:13,closebuy,0.1,193.007,-1000.0,0.0,-48.0,4
2025.03.21 18:53,closebuy,0.1,192.113,8700.0,0.0,-48.0,5
2025.03.26 11:48,closesell,0.1,193.497,-9940.0,100.0,-48.0,4
2025.03.26 17:48,closebuy,0.1,194.152,2000.0,0.0,-49.0,4
2025.03.28 20:21,closesell,0.1,194.056,-12190.0,0.0,-49.0,4
2025.03.31 14:26,closebuy,0.1,193.212,960.0,0.0,-48.0,5
2025.04.02 17:57,closebuy,0.1,194.109,-7910.0,0.0,-49.0,4
2025.04.03 01:09,closesell,0.1,192.83,-11460.0,0.0,-48.0,4
2025.04.04 10:40,closebuy,0.1,190.294,12890.0,0.0,-48.0,5
2025.04.07 09:44,closebuy,0.1,187.259,12560.0,0.0,-47.0,5
2025.04.08 10:00,closesell,0.1,188.18,2000.0,0.0,-47.0,4
2025.04.09 07:27,closebuy,0.1,185.85,11050.0,0.0,-46.0,5
2025.04.11 20:06,closebuy,0.1,187.868,-9590.0,0.0,-47.0,4
2025.04.14 04:21,closesell,0.1,186.742,-9210.0,0.0,-47.0,4
2025.04.16 08:26,closesell,0.1,188.783,-1890.0,0.0,-47.0,4
2025.04.16 08:32,closesell,0.1,188.615,2000.0,400.0,-47.0,4
2025.04.17 10:57,closebuy,0.1,189.066,-9000.0,0.0,-47.0,4
2025.04.23 11:30,closesell,0.1,188.221,-5150.0,0.0,-47.0,4
2025.04.25 06:59,closesell,0.1,190.872,12720.0,100.0,-48.0,5
2025.04.30 16:40,closesell,0.1,190.334,-7690.0,200.0,-48.0,4
2025.05.02 14:35,closesell,0.1,192.019,-11010.0,0.0,-48.0,4
2025.05.06 11:18,closebuy,0.1,190.62,6650.0,0.0,-48.0,5
2025.05.07 03:25,closebuy,0.1,191.04,-360.0,0.0,-48.0,4
2025.05.08 06:16,closesell,0.1,191.759,6840.0,0.0,-48.0,5
2025.05.12 04:28,closesell,0.1,194.18,11580.0,100.0,-49.0,5
2025.05.14 03:16,closesell,0.1,196.405,11900.0,100.0,-49.0,5
2025.05.19 00:05,closebuy,0.1,193.28,3960.0,-214.0,-48.0,5
2025.05.20 10:27,closesell,0.1,192.943,-6010.0,0.0,-48.0,4
2025.05.22 01:16,closebuy,0.1,193.381,-1050.0,0.0,-48.0,4
2025.05.23 14:20,closesell,0.1,193.192,2000.0,0.0,-48.0,4
2025.05.27 09:51,closesell,0.1,194.3,8160.0,0.0,-49.0,5
2025.05.28 04:22,closesell,0.1,194.877,2000.0,0.0,-49.0,4
2025.05.30 15:09,closebuy,0.1,193.764,4290.0,0.0,-48.0,5
2025.06.02 13:55,closebuy,0.1,193.27,4680.0,0.0,-48.0,5
2025.06.03 04:35,closebuy,0.1,193.775,-3970.0,0.0,-48.0,4
2025.06.04 19:33,closesell,0.1,193.605,-8730.0,0.0,-48.0,4
2025.06.05 15:49,closebuy,0.1,194.656,-8880.0,0.0,-49.0,4
2025.06.06 15:39,closesell,0.1,195.764,8580.0,0.0,-49.0,5
2025.06.10 08:20,closesell,0.1,195.931,2000.0,100.0,-49.0,4
2025.06.12 11:04,closebuy,0.1,194.745,10460.0,-642.0,-49.0,5
2025.06.13 03:05,closebuy,0.1,194.741,6700.0,0.0,-49.0,5
2025.06.16 13:28,closesell,0.1,195.66,2000.0,0.0,-49.0,4
2025.06.17 20:44,closesell,0.1,195.426,-7750.0,0.0,-49.0,4
2025.06.18 17:21,closebuy,0.1,195.056,2000.0,0.0,-49.0,4
2025.06.20 15:31,closesell,0.1,196.553,6760.0,0.0,-49.0,5
2025.06.25 08:32,closebuy,0.1,197.655,-1900.0,0.0,-49.0,4
2025.06.25 16:17,closesell,0.1,198.499,10580.0,100.0,-50.0,5
2025.06.27 04:30,closesell,0.1,198.43,2000.0,100.0,-50.0,4
2025.07.02 15:15,closebuy,0.1,196.332,9490.0,0.0,-49.0,5
2025.07.03 15:30,closebuy,0.1,197.132,-8830.0,0.0,-49.0,4
2025.07.07 12:54,closebuy,0.1,197.806,-4660.0,0.0,-49.0,4
2025.07.07 17:17,closesell,0.1,198.738,11220.0,100.0,-50.0,5
2025.07.08 23:35,closesell,0.1,199.123,2000.0,0.0,-50.0,4
2025.07.09 16:35,closesell,0.1,199.125,-2440.0,0.0,-50.0,4
2025.07.11 02:58,closebuy,0.1,198.661,2000.0,-214.0,-50.0,4
2025.07.14 04:09,closesell,0.1,198.283,-3570.0,0.0,-50.0,4
2025.07.16 18:16,closesell,0.1,198.61,-5690.0,0.0,-50.0,4
2025.07.17 15:30,closebuy,0.1,199.451,-8280.0,0.0,-50.0,4
2025.07.21 00:05,closesell,0.1,199.187,-3390.0,100.0,-50.0,4
2025.07.23 04:07,closebuy,0.1,198.222,2000.0,0.0,-50.0,4
2025.07.25 13:43,closesell,0.1,198.859,2000.0,100.0,-50.0,4
2025.07.31 10:40,closebuy,0.1,198.098,-3370.0,0.0,-50.0,4
2025.08.01 15:30,closesell,0.1,197.678,-12060.0,0.0,-49.0,4
2025.08.04 16:25,closebuy,0.1,195.839,2000.0,0.0,-49.0,4
2025.08.07 10:32,closesell,0.1,196.235,-4710.0,0.0,-49.0,4
2025.08.08 07:10,closesell,0.1,197.737,2000.0,0.0,-49.0,4
2025.08.12 03:18,closesell,0.1,199.203,7650.0,100.0,-50.0,5
2025.08.13 23:00,closesell,0.1,200.16,5270.0,0.0,-50.0,5
2025.08.18 15:45,closebuy,0.1,200.069,-3800.0,0.0,-50.0,4
2025.08.20 15:05,closebuy,0.1,198.724,4540.0,0.0,-50.0,5
2025.08.21 13:58,closebuy,0.1,199.166,-7540.0,0.0,-50.0,4
2025.08.22 19:57,closesell,0.1,198.328,-3160.0,0.0,-50.0,4
2025.08.28 08:38,closesell,0.1,198.592,-1880.0,0.0,-50.0,4
2025.08.29 18:26,closebuy,0.1,198.513,-1330.0,0.0,-50.0,4
2025.09.02 10:52,closesell,0.1,199.243,-2820.0,0.0,-50.0,4
2025.09.03 09:24,closebuy,0.1,198.766,2000.0,0.0,-50.0,4
2025.09.04 18:00,closesell,0.1,199.731,9280.0,0.0,-50.0,5
2025.09.05 09:59,closesell,0.1,199.458,2000.0,0.0,-50.0,4
2025.09.11 13:36,closebuy,0.1,199.919,-4190.0,-642.0,-50.0,4
2025.09.16 16:15,closesell,0.1,200.514,2000.0,0.0,-50.0,4
2025.09.18 09:02,closebuy,0.1,200.45,-4480.0,-642.0,-50.0,4
2025.09.19 06:47,closesell,0.1,199.993,-3640.0,0.0,-50.0,4
2025.09.23 11:36,closesell,0.1,199.228,-300.0,0.0,-50.0,4
2025.09.24 21:33,closebuy,0.1,200.202,-6810.0,-428.0,-50.0,4
2025.09.25 15:06,closesell,0.1,199.693,-2660.0,0.0,-50.0,4
2025.09.29 09:08,closesell,0.1,199.899,-2620.0,0.0,-50.0,4
2025.10.01 07:05,closebuy,0.1,198.901,2000.0,0.0,-50.0,4
2025.10.02 14:00,closebuy,0.1,197.672,7280.0,0.0,-49.0,5
2025.10.07 20:30,closesell,0.1,203.644,11580.0,0.0,-51.0,5
2025.10.08 10:58,closesell,0.1,204.618,6800.0,0.0,-51.0,5
2025.10.09 16:07,closesell,0.1,203.83,-5670.0,0.0,-51.0,4
2025.10.10 19:34,closebuy,0.1,202.991,1130.0,0.0,-51.0,5
2025.10.13 10:28,closebuy,0.1,203.128,-5180.0,0.0,-51.0,4
2025.10.14 07:11,closesell,0.1,202.712,-3410.0,0.0,-51.0,4
2025.10.15 11:13,closebuy,0.1,202.059,2000.0,0.0,-51.0,4
2025.10.16 10:56,closesell,0.1,202.902,6510.0,0.0,-51.0,5
2025.10.17 15:06,closebuy,0.1,202.058,-3430.0,0.0,-51.0,4
2025.10.22 10:01,closesell,0.1,202.106,-7420.0,0.0,-51.0,4
2025.10.24 16:00,closesell,0.1,203.805,3120.0,0.0,-51.0,5
2025.10.27 15:43,closesell,0.1,203.947,2980.0,0.0,-51.0,5
2025.10.28 03:35,closesell,0.1,203.506,-2030.0,0.0,-51.0,4
2025.10.29 10:28,closebuy,0.1,201.039,8170.0,0.0,-50.0,5
2025.10.30 06:15,closebuy,0.1,201.33,2000.0,0.0,-50.0,4
2025.10.31 12:38,closesell,0.1,202.527,2000.0,0.0,-51.0,4
2025.11.04 06:34,closesell,0.1,202.08,-3000.0,0.0,-51.0,4
2025.11.05 17:02,closebuy,0.1,200.859,-8980.0,0.0,-50.0,4
2025.11.06 16:19,closesell,0.1,201.015,2000.0,0.0,-50.0,4
2025.11.12 10:56,closesell,0.1,203.026,2000.0,100.0,-51.0,4
2025.11.14 01:12,closesell,0.1,203.183,-2530.0,0.0,-51.0,4
2025.11.17 15:06,closebuy,0.1,204.25,-6790.0,0.0,-51.0,4
2025.11.19 04:12,closesell,0.1,204.138,2000.0,100.0,-51.0,4
2025.11.20 12:13,closesell,0.1,205.719,3310.0,0.0,-51.0,5
2025.11.21 11:55,closesell,0.1,204.79,-9110.0,0.0,-51.0,4
2025.11.24 15:08,closebuy,0.1,205.831,-6410.0,0.0,-51.0,4
2025.11.25 11:05,closesell,0.1,205.001,-3570.0,0.0,-51.0,4
2025.11.27 18:39,closesell,0.1,206.966,2000.0,0.0,-52.0,4
2025.12.03 10:42,closebuy,0.1,206.306,-7360.0,-214.0,-52.0,4
2025.12.05 09:32,closesell,0.1,206.192,-4550.0,100.0,-52.0,4
2025.12.08 16:38,closesell,0.1,207.5,7210.0,0.0,-52.0,5
2025.12.10 13:03,closesell,0.1,208.546,2000.0,0.0,-52.0,4
2025.12.11 01:44,closesell,0.1,208.373,-1370.0,0.0,-52.0,4
2025.12.12 15:13,closebuy,0.1,208.75,-2780.0,0.0,-52.0,4
2025.12.16 11:30,closebuy,0.1,207.618,-3240.0,0.0,-52.0,4
2025.12.18 11:15,closesell,0.1,208.078,2000.0,0.0,-52.0,4
2025.12.23 03:55,closesell,0.1,210.79,-1540.0,0.0,-53.0,4
2025.12.24 16:54,closesell,0.1,210.115,-9590.0,200.0,-53.0,4
2025.12.26 01:34,closebuy,0.1,210.576,2000.0,0.0,-53.0,4
2025.12.29 06:31,closesell,0.1,210.987,2000.0,0.0,-53.0,4
2026.01.02 13:26,closesell,0.1,210.802,-3180.0,0.0,-53.0,4
2026.01.07 08:07,closesell,0.1,211.189,-5270.0,100.0,-53.0,4
2026.01.08 19:01,closebuy,0.1,210.671,1950.0,0.0,-53.0,5
2026.01.14 14:00,closesell,0.1,212.919,-7390.0,0.0,-53.0,4
2026.01.15 15:27,closebuy,0.1,212.343,7860.0,0.0,-53.0,5
2026.01.19 10:05,closebuy,0.1,211.732,-3050.0,0.0,-53.0,4
2026.01.20 09:05,closesell,0.1,212.908,9760.0,0.0,-53.0,5
2026.01.21 13:02,closesell,0.1,211.786,-5460.0,0.0,-53.0,4
2026.01.23 13:57,closesell,0.1,213.791,2000.0,0.0,-53.0,4
2026.01.27 16:42,closebuy,0.1,210.843,2000.0,0.0,-53.0,4
2026.01.29 11:55,closesell,0.1,211.6,2000.0,0.0,-53.0,4
2026.02.02 17:36,closesell,0.1,212.482,6670.0,0.0,-53.0,5
2026.02.03 21:57,closesell,0.1,213.232,3340.0,0.0,-53.0,5
2026.02.05 11:40,closesell,0.1,213.258,-6180.0,0.0,-53.0,4
2026.02.06 17:11,closebuy,0.1,213.64,-11170.0,0.0,-53.0,4
2026.02.09 16:06,closesell,0.1,212.382,-11840.0,0.0,-53.0,4
2026.02.10 07:17,closebuy,0.1,212.258,12090.0,0.0,-53.0,5
2026.02.11 13:19,closebuy,0.1,210.203,-3630.0,0.0,-53.0,4
2026.02.12 13:59,closebuy,0.1,209.314,-7710.0,0.0,-52.0,4
2026.02.13 10:45,closebuy,0.1,209.207,-6100.0,0.0,-52.0,4
2026.02.16 18:07,closesell,0.1,209.248,2500.0,0.0,-52.0,5
2026.02.17 05:03,closesell,0.1,208.388,-4910.0,0.0,-52.0,4
2026.02.18 16:33,closebuy,0.1,208.94,-9780.0,0.0,-52.0,4
2026.02.19 13:29,closesell,0.1,208.341,-6030.0,0.0,-52.0,4
2026.02.23 02:50,closesell,0.1,208.397,-4860.0,0.0,-52.0,4
2026.02.24 04:26,closebuy,0.1,209.225,-3880.0,0.0,-52.0,4
2026.02.25 08:09,closesell,0.1,210.334,2000.0,0.0,-53.0,4
2026.02.26 19:20,closesell,0.1,210.625,-10290.0,0.0,-53.0,4
2026.02.27 15:35,closebuy,0.1,209.838,6380.0,0.0,-52.0,5
2026.03.03 10:10,closesell,0.1,209.705,-10440.0,0.0,-52.0,4
2026.03.04 09:32,closebuy,0.1,210.392,2000.0,0.0,-53.0,4
2026.03.05 10:30,closebuy,0.1,209.427,3200.0,0.0,-52.0,5
2026.03.06 18:05,closesell,0.1,210.998,5780.0,0.0,-53.0,5
2026.03.09 18:00,closesell,0.1,211.957,9870.0,0.0,-53.0,5
2026.03.11 03:55,closesell,0.1,212.5,7990.0,100.0,-53.0,5
2026.03.13 09:35,closesell,0.1,212.314,-4400.0,100.0,-53.0,4
2026.03.13 09:36,closebuy,0.1,212.291,5110.0,0.0,-53.0,5
2026.03.16 13:27,closebuy,0.1,211.274,2000.0,0.0,-53.0,4
2026.03.17 14:54,closesell,0.1,211.85,2000.0,0.0,-53.0,4
2026.03.18 20:39,closesell,0.1,212.678,5500.0,0.0,-53.0,5
2026.03.19 18:36,closebuy,0.1,211.645,1680.0,0.0,-53.0,5
2026.03.23 06:39,closesell,0.1,212.299,2000.0,0.0,-53.0,4
2026.03.24 11:10,closesell,0.1,212.609,2000.0,0.0,-53.0,4
2026.03.26 18:41,closesell,0.1,213.022,2000.0,0.0,-53.0,4
2026.03.31 17:58,closebuy,0.1,209.623,12350.0,0.0,-52.0,5
2026.04.01 12:53,closebuy,0.1,210.881,-6600.0,0.0,-53.0,4
2026.04.03 15:09,closesell,0.1,211.122,2000.0,100.0,-53.0,4
2026.04.06 09:52,closebuy,0.1,211.063,-2680.0,0.0,-53.0,4
2026.04.08 20:36,closesell,0.1,212.571,-100.0,0.0,-53.0,4
2026.04.13 00:42,closesell,0.1,213.798,-2740.0,0.0,-53.0,4
2026.04.14 12:18,closesell,0.1,215.126,2000.0,0.0,-54.0,4
2026.04.17 06:58,closebuy,0.1,215.607,-700.0,0.0,-54.0,4
2026.04.21 17:42,closesell,0.1,215.319,6390.0,0.0,-54.0,5
2026.04.21 17:44,closebuy,0.1,215.376,-7900.0,-214.0,-54.0,4
2026.04.22 21:06,closesell,0.1,215.392,2000.0,0.0,-54.0,4
2026.04.30 11:36,closesell,0.1,215.69,-2550.0,0.0,-54.0,4
2026.05.01 10:08,closebuy,0.1,212.911,2000.0,0.0,-53.0,4
2026.05.05 12:00,closebuy,0.1,213.659,-8820.0,0.0,-53.0,4
2026.05.11 00:08,closebuy,0.1,212.525,2000.0,-428.0,-53.0,4
2026.05.12 08:56,closesell,0.1,212.796,-10380.0,0.0,-53.0,4
2026.05.13 17:25,closebuy,0.1,213.37,2000.0,0.0,-53.0,4
2026.05.15 18:17,closebuy,0.1,211.521,4300.0,0.0,-53.0,5
2026.05.18 09:32,closebuy,0.1,212.04,-3210.0,0.0,-53.0,4
2026.05.21 05:42,closesell,0.1,213.294,2000.0,400.0,-53.0,4
2026.05.28 04:45,closesell,0.1,213.878,-4950.0,400.0,-53.0,4
2026.06.03 10:35,closesell,0.1,214.821,-2010.0,0.0,-54.0,4
2026.06.05 11:18,closebuy,0.1,215.185,-3410.0,-214.0,-54.0,4
2026.06.08 04:45,closebuy,0.1,213.809,2000.0,0.0,-53.0,4
2026.06.11 15:22,closesell,0.1,214.299,-3810.0,300.0,-54.0,4
2026.06.16 12:28,closesell,0.1,215.061,2000.0,0.0,-54.0,4
2026.06.17 11:41,closesell,0.1,214.785,-3380.0,0.0,-54.0,4
2026.06.18 12:02,closebuy,0.1,212.687,12550.0,0.0,-53.0,5
2026.06.22 00:29,closesell,0.1,212.728,-1450.0,0.0,-53.0,4
2026.06.22 04:04,closebuy,0.1,213.648,-6870.0,-214.0,-53.0,4
2026.06.24 13:08,closesell,0.1,212.941,-8840.0,100.0,-53.0,4
2026.06.24 13:21,closebuy,0.1,212.8,6710.0,0.0,-53.0,5
2026.06.26 15:49,closesell,0.1,213.448,2000.0,0.0,-53.0,4
2026.06.30 17:43,closesell,0.1,215.179,5810.0,0.0,-54.0,5
2026.07.02 09:47,closesell,0.1,215.515,2000.0,300.0,-54.0,4
2026.07.02 09:49,closesell,0.1,215.318,-3390.0,0.0,-54.0,4
